[Licensing::Module] Trying to connect to existing licensing client channel...
Built from '6000.5/staging' branch; Version is '6000.5.5f1 (d16e074b49fd) revision 13725191'; Using compiler version '194234433'; Build Type 'Release'
OS: 'Windows 11  (10.0.26200) Professional' Language: 'pt' Physical Memory: 32606 MB
BatchMode: 1, IsHumanControllingUs: 0, StartBugReporterOnCrash: 0, Is64bit: 1
System  architecture: x64
Process architecture: x64
Date: 2026-09-10T11:08:56Z
[Licensing::IpcConnector] Successfully connected to: "LicenseClient-20241170150008" at "2026-09-10T11:08:56.7487818Z"
[Licensing::Client] Code 10 while verifying Licensing Client signature (process Id: 23344, path: "C:/Program Files/Unity/Hub/Editor/6000.5.5f1/Editor/Data/Resources/Licensing/Client/Unity.Licensing.Client.exe")
[Licensing::Module] LicensingClient has failed validation; ignoring
[Licensing::Client] Handshaking with LicensingClient:
  Version:                 1.18.1+9fbee8e
  Session Id:              0ba8d6f3a7e04f99b336752521d9d237
  Correlation Id:          841cf681ffd6ada27a0a37a12e52ec42
  External correlation Id: 6400618706792682286
  Machine Id:              s+QclTZ74XvUuBta7/ds/ueJMR0=
[Licensing::Module] Successfully connected to LicensingClient on channel: "LicenseClient-20241170150008" (connect: 0.00s, validation: 0.00s, handshake: 0.03s)
[Licensing::IpcConnector] Successfully connected to: "LicenseClient-20241170150008-notifications" at "2026-09-10T11:08:56.7833218Z"
[Licensing::Module] Licensing Background thread has ended after 0.03s

COMMAND LINE ARGUMENTS:
C:\Program Files\Unity\Hub\Editor\6000.5.5f1\Editor\Unity.exe
-adb2
-batchMode
-noUpm
-name
AssetImportWorkerHW0
-projectPath
C:/Users/20241170150008/Documents/GitHub/motores3pjd3v2026
-logFile
Logs/AssetImportWorkerHW0.log
-srvPort
65129
-parentPid
5112
-analyticsCloudUserId
anonymous
-analyticsLocalProjectId
b0cad3e32ddddd448827cea494a86e9c
-licensingIpc
LicenseClient-20241170150008
-noDiagnosticSwitchPersistentStore
-job-worker-count
13
-background-job-worker-count
8
-asset-garbage-collectors
1
-force-d3d12
-name
AssetImport
Successfully changed project path to: C:/Users/20241170150008/Documents/GitHub/motores3pjd3v2026
C:/Users/20241170150008/Documents/GitHub/motores3pjd3v2026
[UnityMemory] Configuration Parameters - Can be set up in boot.config
    "memorysetup-temp-allocator-size-gi-baking-worker=262144"
    "memorysetup-temp-allocator-size-gi-baking-worker=262144"
    "memorysetup-temp-allocator-size-gi-baking-worker=262144"
    "memorysetup-temp-allocator-size-gi-baking-worker=262144"
    "memorysetup-temp-allocator-size-gi-baking-worker=262144"
    "memorysetup-temp-allocator-size-nav-mesh-worker=65536"
    "memorysetup-temp-allocator-size-audio-worker=65536"
    "memorysetup-temp-allocator-size-cloud-worker=32768"
    "memorysetup-temp-allocator-size-gfx=262144"
    "memorysetup-temp-allocator-size-preload-manager=33554432"
    "memorysetup-allocator-temp-initial-block-size-main=262144"
    "memorysetup-allocator-temp-initial-block-size-worker=262144"
    "memorysetup-temp-allocator-size-job-worker=262144"
    "memorysetup-temp-allocator-size-background-worker=32768"
    "memorysetup-bucket-allocator-granularity=16"
    "memorysetup-bucket-allocator-bucket-count=8"
    "memorysetup-bucket-allocator-block-size=33554432"
    "memorysetup-bucket-allocator-block-count=8"
    "memorysetup-main-allocator-block-size=16777216"
    "memorysetup-thread-allocator-block-size=16777216"
    "memorysetup-main-allocator-mimalloc-enabled=0"
    "memorysetup-gfx-main-allocator-block-size=16777216"
    "memorysetup-gfx-thread-allocator-block-size=16777216"
    "memorysetup-cache-allocator-block-size=4194304"
    "memorysetup-typetree-allocator-block-size=2097152"
    "memorysetup-profiler-bucket-allocator-granularity=16"
    "memorysetup-profiler-bucket-allocator-bucket-count=8"
    "memorysetup-profiler-bucket-allocator-block-size=33554432"
    "memorysetup-profiler-bucket-allocator-block-count=8"
    "memorysetup-profiler-allocator-block-size=16777216"
    "memorysetup-profiler-editor-allocator-block-size=1048576"
    "memorysetup-temp-allocator-size-main=16777216"
    "memorysetup-job-temp-allocator-block-size=2097152"
    "memorysetup-job-temp-allocator-block-size-background=1048576"
    "memorysetup-job-temp-allocator-reduction-small-platforms=262144"
Player connection [23820]  Target information:

Player connection [23820]  * "[IP] 10.57.1.65 [Port] 0 [Flags] 2 [Guid] 3032636397 [EditorId] 3032636397 [Version] 1048832 [Id] WindowsEditor(7,CM461970r) [Debug] 1 [PackageName] WindowsEditor [ProjectName] Editor" 

Player connection [23820] Host joined multi-casting on [225.0.0.222:54997]...
Player connection [23820] Host joined alternative multi-casting on [225.0.0.222:34997]...
JobSystem: Creating JobQueue using job-worker-count value 13
Input System module state changed to: Initialized.
[Physics::Module] Initialized fallback backend.
[Physics::Module] Id: 0xdecafbad
Library Redirect Path: Library/
[Physics::Module] Selected backend.
[Physics::Module] Name: PhysX
[Physics::Module] Id: 0xf2b8ea05
[Physics::Module] SDK Version: 4.1.2
[Physics::Module] Integration Version: 1.0.0
[Physics::Module] Threading Mode: Multi-Threaded
Initialize engine version: 6000.5.5f1 (d16e074b49fd)
[Subsystems] Discovering subsystems at path C:/Program Files/Unity/Hub/Editor/6000.5.5f1/Editor/Data/Resources/UnitySubsystems
[Subsystems] Discovering subsystems at path C:/Users/20241170150008/Documents/GitHub/motores3pjd3v2026/Assets
Forcing GfxDevice: Direct3D 12
GfxDevice: creating device client; kGfxThreadingModeNonThreaded
d3d12: failed to query info queue interface (0x80004002).
Direct3D:
    Version:         Direct3D 12 [level 12.2]
    Renderer:        NVIDIA GeForce RTX 4060 (ID=0x2882)
    Vendor:          NVIDIA
    VRAM:            7957 MB
    App VRAM Budget: 7189 MB
    Driver:          32.0.16.1088
Initialize mono
Mono path[0] = 'C:/Program Files/Unity/Hub/Editor/6000.5.5f1/Editor/Data/Managed'
Mono path[1] = 'C:/Program Files/Unity/Hub/Editor/6000.5.5f1/Editor/Data/BCLExtensions/runtime/netstandard2.1'
Mono path[2] = 'C:/Program Files/Unity/Hub/Editor/6000.5.5f1/Editor/Data/MonoBleedingEdge/lib/mono/unityjit-win32'
Mono config path = 'C:/Program Files/Unity/Hub/Editor/6000.5.5f1/Editor/Data/MonoBleedingEdge/etc'
Using monoOptions --debugger-agent=transport=dt_socket,embedding=1,server=y,suspend=n,address=127.0.0.1:56200
CodeReloadManager initialized
Begin MonoManager ReloadAssembly
Registering precompiled unity dll's ...
Register platform support module: C:/Program Files/Unity/Hub/Editor/6000.5.5f1/Editor/Data/PlaybackEngines/WebGLSupport/UnityEditor.WebGL.Extensions.dll
Register platform support module: C:/Program Files/Unity/Hub/Editor/6000.5.5f1/Editor/Data/PlaybackEngines/MacStandaloneSupport/UnityEditor.OSXStandalone.Extensions.dll
[Licensing::Client] Successfully resolved entitlement details
[Licensing::Module] License group:
  Id: 4673936493359-UnityPersXXXX
  Product: Unity Personal
  Type: Assigned
  Expiration: Unlimited
Register platform support module: C:/Program Files/Unity/Hub/Editor/6000.5.5f1/Editor/Data/PlaybackEngines/VisionOSPlayer/UnityEditor.VisionOS.Extensions.dll
Register platform support module: C:/Program Files/Unity/Hub/Editor/6000.5.5f1/Editor/Data/PlaybackEngines/WindowsStandaloneSupport/UnityEditor.WindowsStandalone.Extensions.dll
[Licensing::Client] Successfully resolved entitlement details
Register platform support module: C:/Program Files/Unity/Hub/Editor/6000.5.5f1/Editor/Data/PlaybackEngines/MetroSupport/UnityEditor.UWP.Extensions.dll
[Licensing::Client] Successfully resolved entitlement details
Register platform support module: C:/Program Files/Unity/Hub/Editor/6000.5.5f1/Editor/Data/PlaybackEngines/AndroidPlayer/UnityEditor.Android.Extensions.dll
Register platform support module: C:/Program Files/Unity/Hub/Editor/6000.5.5f1/Editor/Data/PlaybackEngines/iOSSupport/UnityEditor.iOS.Extensions.dll
Register platform support module: C:/Program Files/Unity/Hub/Editor/6000.5.5f1/Editor/Data/PlaybackEngines/AppleTVSupport/UnityEditor.AppleTV.Extensions.dll
Register platform support module: C:/Program Files/Unity/Hub/Editor/6000.5.5f1/Editor/Data/PlaybackEngines/LinuxStandaloneSupport/UnityEditor.LinuxStandalone.Extensions.dll
Registered in 0.005513 seconds.
Native extension for LinuxStandalone target not found
[usbmuxd] Start listen thread
[usbmuxd] Listen thread started
Native extension for AppleTV target not found
[usbmuxd] Start listen thread
[usbmuxd] Listen thread started
Native extension for iOS target not found
Native extension for Android target not found
Native extension for UWP target not found
Native extension for WindowsStandalone target not found
Failed to load: C:/Program Files/Unity/Hub/Editor/6000.5.5f1/Editor/Data/PlaybackEngines/VisionOSPlayer\x64\UnityEditor.VisionOS.Native.dll
Native extension for VisionOS target not found
Native extension for OSXStandalone target not found
Native extension for WebGL target not found
Package Manager log level set to [2]
[Package Manager] Failed to launch server process. Reason: Unity was launched with the -noUpm command-line argument
[Package Manager] Unable to send message (not connected to server process).
[Package Manager] Cannot connect to Unity Package Manager local server
[Package Manager] Failed to launch server process. Reason: Unity was launched with the -noUpm command-line argument
[Package Manager] Unable to send message (not connected to server process).
[Package Manager] Cannot connect to Unity Package Manager local server
ScheduleIndexationOnStartup MainProcess:False IndexOnStartup:False
Mono: successfully reloaded assembly
- Finished resetting the current domain, in  0.307 seconds
Domain Reload Profiling: 758ms
	BeginReloadAssembly (99ms)
	RebuildCommonClasses (3ms)
	RebuildNativeTypeToScriptingClass (12ms)
	initialDomainReloadingComplete (57ms)
	LoadAllAssembliesAndSetupDomain (279ms)
		LoadAssemblies (97ms)
		AnalyzeDomain (204ms)
			TypeCache.Refresh (203ms)
				TypeCache.ScanAssembly (189ms)
	FinalizeReload (308ms)
		SetupLoadedEditorAssemblies (0ms)
			InitializePlatformSupportModulesInManaged (47ms)
			BeforeProcessingInitializeOnLoad (73ms)
			ProcessInitializeOnLoadAttributes (74ms)
			ProcessInitializeOnLoadMethodAttributes (58ms)
Initializing Unity extensions:
[Licensing::Client] Successfully resolved entitlement details
========================================================================
Worker process is ready to serve import requests
Import Worker Mode flag is 0x00
Begin MonoManager ReloadAssembly
Native extension for LinuxStandalone target not found
Native extension for AppleTV target not found
Native extension for iOS target not found
Native extension for Android target not found
Native extension for UWP target not found
Native extension for WindowsStandalone target not found
Failed to load: C:/Program Files/Unity/Hub/Editor/6000.5.5f1/Editor/Data/PlaybackEngines/VisionOSPlayer\x64\UnityEditor.VisionOS.Native.dll
Native extension for VisionOS target not found
Native extension for OSXStandalone target not found
Native extension for WebGL target not found
[Package Manager] Failed to launch server process. Reason: Unity was launched with the -noUpm command-line argument
[Package Manager] Unable to send message (not connected to server process).
[Package Manager] Cannot connect to Unity Package Manager local server
ScheduleIndexationOnStartup MainProcess:False IndexOnStartup:False
Mono: successfully reloaded assembly
- Finished resetting the current domain, in  0.309 seconds
Domain Reload Profiling: 666ms
	BeginReloadAssembly (192ms)
		DisableScriptedObjects (4ms)
		CreateAndSetChildDomain (41ms)
	RebuildCommonClasses (11ms)
	RebuildNativeTypeToScriptingClass (14ms)
	initialDomainReloadingComplete (35ms)
	LoadAllAssembliesAndSetupDomain (103ms)
		LoadAssemblies (108ms)
		AnalyzeDomain (21ms)
			TypeCache.Refresh (17ms)
				TypeCache.ScanAssembly (9ms)
	FinalizeReload (310ms)
		SetupLoadedEditorAssemblies (0ms)
			InitializePlatformSupportModulesInManaged (19ms)
			BeforeProcessingInitializeOnLoad (73ms)
			ProcessInitializeOnLoadAttributes (60ms)
			ProcessInitializeOnLoadMethodAttributes (54ms)
			AfterProcessingInitializeOnLoad (4ms)
AcceleratorClientConnectionCallback - disconnected - :0
Launched and connected shader compiler UnityShaderCompiler.exe after 0.01 seconds
Unloading 1 Unused Serialized files (Serialized files now loaded: 0)
Curl error 3: URL rejected: Malformed input to a URL function
Unloading 64 unused Assets / (32.2 KB). Loaded Objects now: 688.
Memory consumption went from 158.2 MB to 158.2 MB.
Total: 3.306100 ms (FindLiveObjects: 0.041100 ms CreateObjectMapping: 0.016000 ms MarkObjects: 3.126200 ms  DeleteObjects: 0.121000 ms)

========================================================================
Received Import Request.
  Time of request: 2026-09-10T11:08:59.9607517Z
  Time since last request: 88902.73798570000508 seconds.
  importAddress: GUID: 23032f4383e95e772bce465c5896d0fd - Path: Packages/com.unity.modules.terrain/package.ModuleCompilationTrigger - Importer: ScriptedImporter/UnityEditor.QuickSearchModule:UnityEditor.Search:ASIAI0B
Importing 'GUID: 23032f4383e95e772bce465c5896d0fd - Path: Packages/com.unity.modules.terrain/package.ModuleCompilationTrigger - Importer: ScriptedImporter/UnityEditor.QuickSearchModule:UnityEditor.Search:ASIAI0B' with importer (ScriptedImporter : UnityEditor.QuickSearchModule:UnityEditor.Search:ASIAI0B)
Imported 'GUID: 23032f4383e95e772bce465c5896d0fd' -> (Import Result ID: '0751aa200077d06764d1133a2be30471') in 0.075 seconds [static and dynamic dependencies]. Details - ImportResultOutputID=1900fde454ed302240f01b3800455350 DependenciesID=cce4e4238e982cc92e3d77649490bb6e StaticDependenciesID=fc371b15f371670ef053e0db2f8e8852 
Number of updated asset objects reloaded before import = 0
Number of asset objects unloaded after import = 1
========================================================================
Received Import Request.
  Time of request: 2026-09-10T11:09:00.083702Z
  Time since last request: 0.0467209 seconds.
  importAddress: GUID: 8a752aaaadd2410dd9a84e01c1bace9f - Path: Packages/com.unity.modules.uielements/package.ModuleCompilationTrigger - Importer: ScriptedImporter/UnityEditor.QuickSearchModule:UnityEditor.Search:ASIAI0B
Importing 'GUID: 8a752aaaadd2410dd9a84e01c1bace9f - Path: Packages/com.unity.modules.uielements/package.ModuleCompilationTrigger - Importer: ScriptedImporter/UnityEditor.QuickSearchModule:UnityEditor.Search:ASIAI0B' with importer (ScriptedImporter : UnityEditor.QuickSearchModule:UnityEditor.Search:ASIAI0B)
Imported 'GUID: 8a752aaaadd2410dd9a84e01c1bace9f' -> (Import Result ID: '23e64572d2c498e33a40de8c0ad298da') in 0.004 seconds [static and dynamic dependencies]. Details - ImportResultOutputID=e95ca233a10927963858fa211c5d9d7e DependenciesID=8b9db9843dc267b56eafb8a89dee0c99 StaticDependenciesID=2dc8ca83857e0ac330035800252f43a3 
Number of updated asset objects reloaded before import = 0
Number of asset objects unloaded after import = 1
========================================================================
Received Import Request.
  Time of request: 2026-09-10T11:09:00.0886911Z
  Time since last request: 0.0005087 seconds.
  importAddress: GUID: 54407f5deee4439eb1885bee01956e9c - Path: Packages/com.unity.multiplayer.center/Editor/Analytics/AnalyticsUtils.cs - Importer: ScriptedImporter/UnityEditor.QuickSearchModule:UnityEditor.Search:ASIAI0B
Importing 'GUID: 54407f5deee4439eb1885bee01956e9c - Path: Packages/com.unity.multiplayer.center/Editor/Analytics/AnalyticsUtils.cs - Importer: ScriptedImporter/UnityEditor.QuickSearchModule:UnityEditor.Search:ASIAI0B' with importer (ScriptedImporter : UnityEditor.QuickSearchModule:UnityEditor.Search:ASIAI0B)
Imported 'GUID: 54407f5deee4439eb1885bee01956e9c' -> (Import Result ID: '271383393622e37af429f95ebcdb75fe') in 0.020 seconds [static and dynamic dependencies]. Details - ImportResultOutputID=c98adfaad7af7fcb1a90ef9ae7982ff6 DependenciesID=2034de5ea28560773d78bc40339ca7f5 StaticDependenciesID=4db96eb0bbea2e877f77cce6af33b096 
Number of updated asset objects reloaded before import = 0
Number of asset objects unloaded after import = 0
========================================================================
Received Import Request.
  Time of request: 2026-09-10T11:09:00.1090919Z
  Time since last request: 0.0004393 seconds.
  importAddress: GUID: 1bd8e2f47a6c4478ab8f0ade7687e79b - Path: Packages/com.unity.multiplayer.center/Common/IOnboardingSection.cs - Importer: ScriptedImporter/UnityEditor.QuickSearchModule:UnityEditor.Search:ASIAI0B
Importing 'GUID: 1bd8e2f47a6c4478ab8f0ade7687e79b - Path: Packages/com.unity.multiplayer.center/Common/IOnboardingSection.cs - Importer: ScriptedImporter/UnityEditor.QuickSearchModule:UnityEditor.Search:ASIAI0B' with importer (ScriptedImporter : UnityEditor.QuickSearchModule:UnityEditor.Search:ASIAI0B)
Imported 'GUID: 1bd8e2f47a6c4478ab8f0ade7687e79b' -> (Import Result ID: 'a1c1682919f249f37351ac707ed9cc59') in 0.004 seconds [static and dynamic dependencies]. Details - ImportResultOutputID=c766b56bd3ab3ebe8368a1042369aa0f DependenciesID=e3ad084a4d3ee11fb6d01e9a33ccd543 StaticDependenciesID=2057d0edb8f6a4bb0a667259fce850f9 
Number of updated asset objects reloaded before import = 0
Number of asset objects unloaded after import = 0
========================================================================
Received Import Request.
  Time of request: 2026-09-10T11:09:00.1134441Z
  Time since last request: 0.0002965 seconds.
  importAddress: GUID: be13c398521e3c1ad21fb9da30ab2ab6 - Path: Packages/com.unity.modules.imgui/package.ModuleCompilationTrigger - Importer: ScriptedImporter/UnityEditor.QuickSearchModule:UnityEditor.Search:ASIAI0B
Importing 'GUID: be13c398521e3c1ad21fb9da30ab2ab6 - Path: Packages/com.unity.modules.imgui/package.ModuleCompilationTrigger - Importer: ScriptedImporter/UnityEditor.QuickSearchModule:UnityEditor.Search:ASIAI0B' with importer (ScriptedImporter : UnityEditor.QuickSearchModule:UnityEditor.Search:ASIAI0B)
Imported 'GUID: be13c398521e3c1ad21fb9da30ab2ab6' -> (Import Result ID: '55ebee78f6cca8cbcfa246b38441b9ab') in 0.005 seconds [static and dynamic dependencies]. Details - ImportResultOutputID=2316b76290baf5f897418bd79e37f4d7 DependenciesID=0e2fd24ea46c3958fd7b00932aca408c StaticDependenciesID=23d83c430a55fb13dee161f0931fb777 
Number of updated asset objects reloaded before import = 0
Number of asset objects unloaded after import = 1
========================================================================
Received Import Request.
  Time of request: 2026-09-10T11:09:00.119471Z
  Time since last request: 0.0005152 seconds.
  importAddress: GUID: 6d56244f8c39a851975d3c0bd432c66f - Path: Packages/com.unity.modules.terrain/package.json - Importer: ScriptedImporter/UnityEditor.QuickSearchModule:UnityEditor.Search:ASIAI0B
Importing 'GUID: 6d56244f8c39a851975d3c0bd432c66f - Path: Packages/com.unity.modules.terrain/package.json - Importer: ScriptedImporter/UnityEditor.QuickSearchModule:UnityEditor.Search:ASIAI0B' with importer (ScriptedImporter : UnityEditor.QuickSearchModule:UnityEditor.Search:ASIAI0B)
Imported 'GUID: 6d56244f8c39a851975d3c0bd432c66f' -> (Import Result ID: 'c2bd7106a726e3ffdd8f529c15e52e9e') in 0.003 seconds [static and dynamic dependencies]. Details - ImportResultOutputID=0e5f3ecf0d601b1030c19bfdbce974b9 DependenciesID=1bdc5baea05709721538dd94d8993b0a StaticDependenciesID=bca7d3dfd92149a121de9e8de77ed905 
Number of updated asset objects reloaded before import = 0
Number of asset objects unloaded after import = 1
========================================================================
Received Import Request.
  Time of request: 2026-09-10T11:09:00.1235245Z
  Time since last request: 0.000402 seconds.
  importAddress: GUID: 4f0f9b9f3ed97ad2b9ba8f1a8e4666c2 - Path: Packages/com.unity.modules.uielements/package.json - Importer: ScriptedImporter/UnityEditor.QuickSearchModule:UnityEditor.Search:ASIAI0B
Importing 'GUID: 4f0f9b9f3ed97ad2b9ba8f1a8e4666c2 - Path: Packages/com.unity.modules.uielements/package.json - Importer: ScriptedImporter/UnityEditor.QuickSearchModule:UnityEditor.Search:ASIAI0B' with importer (ScriptedImporter : UnityEditor.QuickSearchModule:UnityEditor.Search:ASIAI0B)
Imported 'GUID: 4f0f9b9f3ed97ad2b9ba8f1a8e4666c2' -> (Import Result ID: 'cca2aeb24f61c007062193f79d0b38d4') in 0.004 seconds [static and dynamic dependencies]. Details - ImportResultOutputID=b3a9f9b7e2826d47280eb2843e72d871 DependenciesID=d78a18a43dc534a7ef3cabad507699cd StaticDependenciesID=5a14753da026e4f9d007557ceeee616c 
Number of updated asset objects reloaded before import = 0
Number of asset objects unloaded after import = 1
========================================================================
Received Import Request.
  Time of request: 2026-09-10T11:09:00.1280725Z
  Time since last request: 0.0003123 seconds.
  importAddress: GUID: 833328f3bcf144cc94f92e286e86b427 - Path: Packages/com.unity.multiplayer.center/Common/IOnboardingSectionAnalyticsProvider.cs - Importer: ScriptedImporter/UnityEditor.QuickSearchModule:UnityEditor.Search:ASIAI0B
Importing 'GUID: 833328f3bcf144cc94f92e286e86b427 - Path: Packages/com.unity.multiplayer.center/Common/IOnboardingSectionAnalyticsProvider.cs - Importer: ScriptedImporter/UnityEditor.QuickSearchModule:UnityEditor.Search:ASIAI0B' with importer (ScriptedImporter : UnityEditor.QuickSearchModule:UnityEditor.Search:ASIAI0B)
Imported 'GUID: 833328f3bcf144cc94f92e286e86b427' -> (Import Result ID: 'dc41fff00076257765668ec64d3e70c8') in 0.002 seconds [static and dynamic dependencies]. Details - ImportResultOutputID=2a952ab8cb637731f2df2b39a37b11d8 DependenciesID=a25a6733b90dae2270921da6aa92952b StaticDependenciesID=39d3424feb41ebb15db51983ca0c877f 
Number of updated asset objects reloaded before import = 0
Number of asset objects unloaded after import = 0
========================================================================
Received Import Request.
  Time of request: 2026-09-10T11:09:00.1307655Z
  Time since last request: 0.000245 seconds.
  importAddress: GUID: 222fc39b0c85d800342910da2cd64781 - Path: Packages/com.unity.modules.assetbundle/package.ModuleCompilationTrigger - Importer: ScriptedImporter/UnityEditor.QuickSearchModule:UnityEditor.Search:ASIAI0B
Importing 'GUID: 222fc39b0c85d800342910da2cd64781 - Path: Packages/com.unity.modules.assetbundle/package.ModuleCompilationTrigger - Importer: ScriptedImporter/UnityEditor.QuickSearchModule:UnityEditor.Search:ASIAI0B' with importer (ScriptedImporter : UnityEditor.QuickSearchModule:UnityEditor.Search:ASIAI0B)
Imported 'GUID: 222fc39b0c85d800342910da2cd64781' -> (Import Result ID: '2c725ae60f9a3d3d50ec7f351622096b') in 0.003 seconds [static and dynamic dependencies]. Details - ImportResultOutputID=bafaf413fc12e5dd504dd9f1f783de7f DependenciesID=32794ac93d053b6b5654e034df540d15 StaticDependenciesID=1960515560e8a09e8606c298affb3894 
Number of updated asset objects reloaded before import = 0
Number of asset objects unloaded after import = 1
========================================================================
Received Import Request.
  Time of request: 2026-09-10T11:09:00.1341944Z
  Time since last request: 0.0003915 seconds.
  importAddress: GUID: e1ef8466c8fd01a549f10baa4d51fa17 - Path: Packages/com.unity.modules.assetbundle/package.json - Importer: ScriptedImporter/UnityEditor.QuickSearchModule:UnityEditor.Search:ASIAI0B
Importing 'GUID: e1ef8466c8fd01a549f10baa4d51fa17 - Path: Packages/com.unity.modules.assetbundle/package.json - Importer: ScriptedImporter/UnityEditor.QuickSearchModule:UnityEditor.Search:ASIAI0B' with importer (ScriptedImporter : UnityEditor.QuickSearchModule:UnityEditor.Search:ASIAI0B)
Imported 'GUID: e1ef8466c8fd01a549f10baa4d51fa17' -> (Import Result ID: 'f4cff5afb312363557bacd44c2338d98') in 0.003 seconds [static and dynamic dependencies]. Details - ImportResultOutputID=44f00fcff8fc0f246e01211e10c9744b DependenciesID=f369479c2075bfdb95017f5a6e8f2b76 StaticDependenciesID=001c3d7ea4cd0ba3ff28e13f7fb15466 
Number of updated asset objects reloaded before import = 0
Number of asset objects unloaded after import = 1
========================================================================
Received Import Request.
  Time of request: 2026-09-10T11:09:00.1378596Z
  Time since last request: 0.0002936 seconds.
  importAddress: GUID: e9df95f53f1c1d0c9199e235d6c42b50 - Path: Packages/com.unity.modules.audio/package.json - Importer: ScriptedImporter/UnityEditor.QuickSearchModule:UnityEditor.Search:ASIAI0B
Importing 'GUID: e9df95f53f1c1d0c9199e235d6c42b50 - Path: Packages/com.unity.modules.audio/package.json - Importer: ScriptedImporter/UnityEditor.QuickSearchModule:UnityEditor.Search:ASIAI0B' with importer (ScriptedImporter : UnityEditor.QuickSearchModule:UnityEditor.Search:ASIAI0B)
Imported 'GUID: e9df95f53f1c1d0c9199e235d6c42b50' -> (Import Result ID: '63ba6db57bf03649a2d8e6dab3d79081') in 0.002 seconds [static and dynamic dependencies]. Details - ImportResultOutputID=68883877d41703a02edbada88e7c22b7 DependenciesID=37d1db1a16b8e38496cf3f9df3eb5727 StaticDependenciesID=52d3f3857dfa289cf31214dffb6a0d54 
Number of updated asset objects reloaded before import = 0
Number of asset objects unloaded after import = 1
========================================================================
Received Import Request.
  Time of request: 2026-09-10T11:09:00.1408884Z
  Time since last request: 0.0003953 seconds.
  importAddress: GUID: 2c814623cb42764d304be0c5ddd03ceb - Path: Packages/com.unity.modules.xr/package.json - Importer: ScriptedImporter/UnityEditor.QuickSearchModule:UnityEditor.Search:ASIAI0B
Importing 'GUID: 2c814623cb42764d304be0c5ddd03ceb - Path: Packages/com.unity.modules.xr/package.json - Importer: ScriptedImporter/UnityEditor.QuickSearchModule:UnityEditor.Search:ASIAI0B' with importer (ScriptedImporter : UnityEditor.QuickSearchModule:UnityEditor.Search:ASIAI0B)
Imported 'GUID: 2c814623cb42764d304be0c5ddd03ceb' -> (Import Result ID: 'bc73936368fc5158d3df2a4fa67bd409') in 0.004 seconds [static and dynamic dependencies]. Details - ImportResultOutputID=2b838f8276785e51d9a6a8f5bdaeb0f3 DependenciesID=d2d5b3b92e8ccfa9fec52189fe26cf8b StaticDependenciesID=5eb0dc2a9d78d3aeca69b70ffe2988a0 
Number of updated asset objects reloaded before import = 0
Number of asset objects unloaded after import = 1
========================================================================
Received Import Request.
  Time of request: 2026-09-10T11:09:00.1452523Z
  Time since last request: 0.0003901 seconds.
  importAddress: GUID: c359bcaf4a0bc4040aac650bf14ec619 - Path: Packages/com.unity.multiplayer.center/README.md - Importer: ScriptedImporter/UnityEditor.QuickSearchModule:UnityEditor.Search:ASIAI0B
Importing 'GUID: c359bcaf4a0bc4040aac650bf14ec619 - Path: Packages/com.unity.multiplayer.center/README.md - Importer: ScriptedImporter/UnityEditor.QuickSearchModule:UnityEditor.Search:ASIAI0B' with importer (ScriptedImporter : UnityEditor.QuickSearchModule:UnityEditor.Search:ASIAI0B)
Imported 'GUID: c359bcaf4a0bc4040aac650bf14ec619' -> (Import Result ID: 'b48b576e84fe9b757e9b248b1f075dd9') in 0.003 seconds [static and dynamic dependencies]. Details - ImportResultOutputID=b6dd1990a900214a6e3e9e654945129b DependenciesID=f3b7bbc8b9e8c928deabb1593ce2cea4 StaticDependenciesID=6e14c4c77335b847d8abaed8e93f15bb 
Number of updated asset objects reloaded before import = 0
Number of asset objects unloaded after import = 1
========================================================================
Received Import Request.
  Time of request: 2026-09-10T11:09:00.1491682Z
  Time since last request: 0.0003424 seconds.
  importAddress: GUID: 89b6d933e4994d0980f6b48dc2b8779c - Path: Packages/com.unity.multiplayer.center/Common/AnswerData.cs - Importer: ScriptedImporter/UnityEditor.QuickSearchModule:UnityEditor.Search:ASIAI0B
Importing 'GUID: 89b6d933e4994d0980f6b48dc2b8779c - Path: Packages/com.unity.multiplayer.center/Common/AnswerData.cs - Importer: ScriptedImporter/UnityEditor.QuickSearchModule:UnityEditor.Search:ASIAI0B' with importer (ScriptedImporter : UnityEditor.QuickSearchModule:UnityEditor.Search:ASIAI0B)
Imported 'GUID: 89b6d933e4994d0980f6b48dc2b8779c' -> (Import Result ID: '674607d55a2bae3db5eecf9b1946b5f5') in 0.003 seconds [static and dynamic dependencies]. Details - ImportResultOutputID=e649300785b02abbc0ae5233c6df07e9 DependenciesID=93ee737e7e9ebcf3f6322f10d8dacc80 StaticDependenciesID=9a09c9e775aef6df108beb883b249c97 
Number of updated asset objects reloaded before import = 0
Number of asset objects unloaded after import = 0
========================================================================
Received Import Request.
  Time of request: 2026-09-10T11:09:00.1531426Z
  Time since last request: 0.0005211 seconds.
  importAddress: GUID: 553737203d61a8109f9544a97201e1aa - Path: Packages/com.unity.modules.unitywebrequestaudio/package.ModuleCompilationTrigger - Importer: ScriptedImporter/UnityEditor.QuickSearchModule:UnityEditor.Search:ASIAI0B
Importing 'GUID: 553737203d61a8109f9544a97201e1aa - Path: Packages/com.unity.modules.unitywebrequestaudio/package.ModuleCompilationTrigger - Importer: ScriptedImporter/UnityEditor.QuickSearchModule:UnityEditor.Search:ASIAI0B' with importer (ScriptedImporter : UnityEditor.QuickSearchModule:UnityEditor.Search:ASIAI0B)
Imported 'GUID: 553737203d61a8109f9544a97201e1aa' -> (Import Result ID: '093f96318a4391ea19ed807bf60b6197') in 0.004 seconds [static and dynamic dependencies]. Details - ImportResultOutputID=c8a7b722a1997c24a1c2e8a66a84187a DependenciesID=f41a5ba9f88217026727c555d6a632d6 StaticDependenciesID=47b4e217424907707b7c7b1e4731365d 
Number of updated asset objects reloaded before import = 0
Number of asset objects unloaded after import = 1
========================================================================
Received Import Request.
  Time of request: 2026-09-10T11:09:00.1572074Z
  Time since last request: 0.0002801 seconds.
  importAddress: GUID: 0a9ab22e4e004c7db707338bccb538b9 - Path: Packages/com.unity.multiplayer.center/Common/Preset.cs - Importer: ScriptedImporter/UnityEditor.QuickSearchModule:UnityEditor.Search:ASIAI0B
Importing 'GUID: 0a9ab22e4e004c7db707338bccb538b9 - Path: Packages/com.unity.multiplayer.center/Common/Preset.cs - Importer: ScriptedImporter/UnityEditor.QuickSearchModule:UnityEditor.Search:ASIAI0B' with importer (ScriptedImporter : UnityEditor.QuickSearchModule:UnityEditor.Search:ASIAI0B)
Imported 'GUID: 0a9ab22e4e004c7db707338bccb538b9' -> (Import Result ID: 'd50930129d179adb31cde8d9790a1fc5') in 0.003 seconds [static and dynamic dependencies]. Details - ImportResultOutputID=c302d09a24d09be39453630a56b29c8c DependenciesID=d2b752eac65bd17dacded0abbc87bd94 StaticDependenciesID=1d23fd2c2c3a4a0845f8e2c1f52f1f7c 
Number of updated asset objects reloaded before import = 0
Number of asset objects unloaded after import = 0
========================================================================
Received Import Request.
  Time of request: 2026-09-10T11:09:00.1603557Z
  Time since last request: 0.000411 seconds.
  importAddress: GUID: 50d5ff9fe4ab4477b7ea648da183e9d1 - Path: Packages/com.unity.multiplayer.center/Common/StyleConstants.cs - Importer: ScriptedImporter/UnityEditor.QuickSearchModule:UnityEditor.Search:ASIAI0B
Importing 'GUID: 50d5ff9fe4ab4477b7ea648da183e9d1 - Path: Packages/com.unity.multiplayer.center/Common/StyleConstants.cs - Importer: ScriptedImporter/UnityEditor.QuickSearchModule:UnityEditor.Search:ASIAI0B' with importer (ScriptedImporter : UnityEditor.QuickSearchModule:UnityEditor.Search:ASIAI0B)
Imported 'GUID: 50d5ff9fe4ab4477b7ea648da183e9d1' -> (Import Result ID: '7e7260a6028f930dcd8dd15261403c24') in 0.003 seconds [static and dynamic dependencies]. Details - ImportResultOutputID=d0fbaf2b5e48c75c909db48a4a2b8966 DependenciesID=4789aa3ae61b9ed8db970fea00b1a3fb StaticDependenciesID=a980a6f3abef16466f3ca6cb6efab113 
Number of updated asset objects reloaded before import = 0
Number of asset objects unloaded after import = 0
========================================================================
Received Import Request.
  Time of request: 2026-09-10T11:09:00.1638971Z
  Time since last request: 0.0002897 seconds.
  importAddress: GUID: c7a8b0317f4e68556d7509828e9e211e - Path: Packages/com.unity.modules.xr/package.ModuleCompilationTrigger - Importer: ScriptedImporter/UnityEditor.QuickSearchModule:UnityEditor.Search:ASIAI0B
Importing 'GUID: c7a8b0317f4e68556d7509828e9e211e - Path: Packages/com.unity.modules.xr/package.ModuleCompilationTrigger - Importer: ScriptedImporter/UnityEditor.QuickSearchModule:UnityEditor.Search:ASIAI0B' with importer (ScriptedImporter : UnityEditor.QuickSearchModule:UnityEditor.Search:ASIAI0B)
Imported 'GUID: c7a8b0317f4e68556d7509828e9e211e' -> (Import Result ID: '118c712dab495cc7ef91b105bbe26187') in 0.003 seconds [static and dynamic dependencies]. Details - ImportResultOutputID=21230bcc7d5840bb2cda68e2a9f275ea DependenciesID=18ea8836b02213bf6e700c67c9227fde StaticDependenciesID=8ef61a630221eef84923300b3d6d6859 
Number of updated asset objects reloaded before import = 0
Number of asset objects unloaded after import = 1
========================================================================
Received Import Request.
  Time of request: 2026-09-10T11:09:00.1671687Z
  Time since last request: 0.0003043 seconds.
  importAddress: GUID: 185e678d90804a8a85ab38276eca86fb - Path: Packages/com.unity.multiplayer.center/Editor/Analytics/MultiplayerCenterAnalytics.cs - Importer: ScriptedImporter/UnityEditor.QuickSearchModule:UnityEditor.Search:ASIAI0B
Importing 'GUID: 185e678d90804a8a85ab38276eca86fb - Path: Packages/com.unity.multiplayer.center/Editor/Analytics/MultiplayerCenterAnalytics.cs - Importer: ScriptedImporter/UnityEditor.QuickSearchModule:UnityEditor.Search:ASIAI0B' with importer (ScriptedImporter : UnityEditor.QuickSearchModule:UnityEditor.Search:ASIAI0B)
Imported 'GUID: 185e678d90804a8a85ab38276eca86fb' -> (Import Result ID: '4536d49347581a6de229bbb4b3ed3fe6') in 0.003 seconds [static and dynamic dependencies]. Details - ImportResultOutputID=5d77af9ca0384ff3bb8952fad087849b DependenciesID=c1d7d2b6aadec72e947351fd0b00217d StaticDependenciesID=872841e00a54bc0c2a8bae3ea2dd5959 
Number of updated asset objects reloaded before import = 0
Number of asset objects unloaded after import = 0
========================================================================
Received Import Request.
  Time of request: 2026-09-10T11:09:00.1703005Z
  Time since last request: 0.0003065 seconds.
  importAddress: GUID: 70554f6c9e4114e1084bb38f9ea400ce - Path: Packages/com.unity.multiplayer.center/LICENSE.md - Importer: ScriptedImporter/UnityEditor.QuickSearchModule:UnityEditor.Search:ASIAI0B
Importing 'GUID: 70554f6c9e4114e1084bb38f9ea400ce - Path: Packages/com.unity.multiplayer.center/LICENSE.md - Importer: ScriptedImporter/UnityEditor.QuickSearchModule:UnityEditor.Search:ASIAI0B' with importer (ScriptedImporter : UnityEditor.QuickSearchModule:UnityEditor.Search:ASIAI0B)
Imported 'GUID: 70554f6c9e4114e1084bb38f9ea400ce' -> (Import Result ID: 'f10d2bfd485606b9ed386aa84af63bb4') in 0.003 seconds [static and dynamic dependencies]. Details - ImportResultOutputID=bb75c70eb5a7a4a5458e3815c690f2fc DependenciesID=49a03658757b9c73d07404d53b9779d7 StaticDependenciesID=bb8c844fdb7e2076a482a925f8d6e794 
Number of updated asset objects reloaded before import = 0
Number of asset objects unloaded after import = 1
========================================================================
Received Import Request.
  Time of request: 2026-09-10T11:09:00.173551Z
  Time since last request: 0.0002744 seconds.
  importAddress: GUID: 80beef77cb19e713c7c2d481b65ed485 - Path: Packages/com.unity.modules.screencapture/package.json - Importer: ScriptedImporter/UnityEditor.QuickSearchModule:UnityEditor.Search:ASIAI0B
Importing 'GUID: 80beef77cb19e713c7c2d481b65ed485 - Path: Packages/com.unity.modules.screencapture/package.json - Importer: ScriptedImporter/UnityEditor.QuickSearchModule:UnityEditor.Search:ASIAI0B' with importer (ScriptedImporter : UnityEditor.QuickSearchModule:UnityEditor.Search:ASIAI0B)
Imported 'GUID: 80beef77cb19e713c7c2d481b65ed485' -> (Import Result ID: '14c3fd73e0531457fd47583bed77a798') in 0.002 seconds [static and dynamic dependencies]. Details - ImportResultOutputID=2b20d7d58d4003e6ebf8d4c91eb7356a DependenciesID=c7614126aeb7ae6e8730c51c352e0cc7 StaticDependenciesID=62e8d7bab67b96331d33ee1710038018 
Number of updated asset objects reloaded before import = 0
Number of asset objects unloaded after import = 1
========================================================================
Received Import Request.
  Time of request: 2026-09-10T11:09:00.1764603Z
  Time since last request: 0.0002797 seconds.
  importAddress: GUID: df0857f6a11054383be91b1f8e1b5800 - Path: Packages/com.unity.multiplayer.center/package.json - Importer: ScriptedImporter/UnityEditor.QuickSearchModule:UnityEditor.Search:ASIAI0B
Importing 'GUID: df0857f6a11054383be91b1f8e1b5800 - Path: Packages/com.unity.multiplayer.center/package.json - Importer: ScriptedImporter/UnityEditor.QuickSearchModule:UnityEditor.Search:ASIAI0B' with importer (ScriptedImporter : UnityEditor.QuickSearchModule:UnityEditor.Search:ASIAI0B)
Imported 'GUID: df0857f6a11054383be91b1f8e1b5800' -> (Import Result ID: 'e290544c2cc78c378185e369bd5ed1bb') in 0.003 seconds [static and dynamic dependencies]. Details - ImportResultOutputID=24446651e7a497103d7665954dfa3b13 DependenciesID=21f2a2f375a15ce1a59dd963c480df8f StaticDependenciesID=20fb40fcd632027c3956c9fde0b57545 
Number of updated asset objects reloaded before import = 0
Number of asset objects unloaded after import = 1
========================================================================
Received Import Request.
  Time of request: 2026-09-10T11:09:00.1797753Z
  Time since last request: 0.0002452 seconds.
  importAddress: GUID: be17709716f1648caa5de6d0c38103ed - Path: Packages/com.unity.multiplayer.center/Editor/Unity.Multiplayer.Center.Editor.asmdef - Importer: ScriptedImporter/UnityEditor.QuickSearchModule:UnityEditor.Search:ASIAI0B
Importing 'GUID: be17709716f1648caa5de6d0c38103ed - Path: Packages/com.unity.multiplayer.center/Editor/Unity.Multiplayer.Center.Editor.asmdef - Importer: ScriptedImporter/UnityEditor.QuickSearchModule:UnityEditor.Search:ASIAI0B' with importer (ScriptedImporter : UnityEditor.QuickSearchModule:UnityEditor.Search:ASIAI0B)
Imported 'GUID: be17709716f1648caa5de6d0c38103ed' -> (Import Result ID: 'ba5f1a41a9fed112b811eb6da688d452') in 0.004 seconds [static and dynamic dependencies]. Details - ImportResultOutputID=991e5933d39fa6ac24cb18605000cc3b DependenciesID=d62b7a5815b0ed04542c63b135460458 StaticDependenciesID=371ba83ba83c3d9b3fd928186d534e86 
Number of updated asset objects reloaded before import = 0
Number of asset objects unloaded after import = 1
========================================================================
Received Import Request.
  Time of request: 2026-09-10T11:09:00.1846255Z
  Time since last request: 0.000358 seconds.
  importAddress: GUID: ae87256f29d9c8b50490f4caf75b2c41 - Path: Packages/com.unity.modules.unitywebrequestwww/package.ModuleCompilationTrigger - Importer: ScriptedImporter/UnityEditor.QuickSearchModule:UnityEditor.Search:ASIAI0B
Importing 'GUID: ae87256f29d9c8b50490f4caf75b2c41 - Path: Packages/com.unity.modules.unitywebrequestwww/package.ModuleCompilationTrigger - Importer: ScriptedImporter/UnityEditor.QuickSearchModule:UnityEditor.Search:ASIAI0B' with importer (ScriptedImporter : UnityEditor.QuickSearchModule:UnityEditor.Search:ASIAI0B)
Imported 'GUID: ae87256f29d9c8b50490f4caf75b2c41' -> (Import Result ID: '334ed8a3feb652042af0bf49649cbe3e') in 0.002 seconds [static and dynamic dependencies]. Details - ImportResultOutputID=da8997c9163aca676d0f2d7357ca04a0 DependenciesID=a4724231bff4bd3b787a5bac5bf979e0 StaticDependenciesID=437a9f907ef2a846d8f3b099ac4c551c 
Number of updated asset objects reloaded before import = 0
Number of asset objects unloaded after import = 1
========================================================================
Received Import Request.
  Time of request: 2026-09-10T11:09:00.1874609Z
  Time since last request: 0.0003609 seconds.
  importAddress: GUID: 676a3852811f4199813ce7f6dbac6880 - Path: Packages/com.unity.multiplayer.center/Editor/Features/PackageManagement.cs - Importer: ScriptedImporter/UnityEditor.QuickSearchModule:UnityEditor.Search:ASIAI0B
Importing 'GUID: 676a3852811f4199813ce7f6dbac6880 - Path: Packages/com.unity.multiplayer.center/Editor/Features/PackageManagement.cs - Importer: ScriptedImporter/UnityEditor.QuickSearchModule:UnityEditor.Search:ASIAI0B' with importer (ScriptedImporter : UnityEditor.QuickSearchModule:UnityEditor.Search:ASIAI0B)
Imported 'GUID: 676a3852811f4199813ce7f6dbac6880' -> (Import Result ID: '2f36efc974e4a2e46f42bc8c594b3a06') in 0.003 seconds [static and dynamic dependencies]. Details - ImportResultOutputID=12b8ba4d5d7caaeafd2b7d8e020328b6 DependenciesID=20b83bab8845f56ba78a8b42f0e4a595 StaticDependenciesID=f714e5596de0fff63bb6e57d758d1a48 
Number of updated asset objects reloaded before import = 0
Number of asset objects unloaded after import = 0
========================================================================
Received Import Request.
  Time of request: 2026-09-10T11:09:00.1907771Z
  Time since last request: 0.0003912 seconds.
  importAddress: GUID: 052c764978664486a9c04518899ddf57 - Path: Packages/com.unity.multiplayer.center/Editor/MultiplayerCenterWindow/RecommendationTabView.cs - Importer: ScriptedImporter/UnityEditor.QuickSearchModule:UnityEditor.Search:ASIAI0B
Importing 'GUID: 052c764978664486a9c04518899ddf57 - Path: Packages/com.unity.multiplayer.center/Editor/MultiplayerCenterWindow/RecommendationTabView.cs - Importer: ScriptedImporter/UnityEditor.QuickSearchModule:UnityEditor.Search:ASIAI0B' with importer (ScriptedImporter : UnityEditor.QuickSearchModule:UnityEditor.Search:ASIAI0B)
Imported 'GUID: 052c764978664486a9c04518899ddf57' -> (Import Result ID: '10737a24b4a2c3b3be2edbeca8e43eb9') in 0.004 seconds [static and dynamic dependencies]. Details - ImportResultOutputID=43f1061f48cb923c3993c787f304ccb9 DependenciesID=40427277577a9678f97b841c5da384ff StaticDependenciesID=691aaa675ebd5e608716caa3b785e51d 
Number of updated asset objects reloaded before import = 0
Number of asset objects unloaded after import = 0
========================================================================
Received Import Request.
  Time of request: 2026-09-10T11:09:00.1951884Z
  Time since last request: 0.0003506 seconds.
  importAddress: GUID: a31a332ce3485f00f7df8d987302a29c - Path: Packages/com.unity.modules.unitywebrequesttexture/package.ModuleCompilationTrigger - Importer: ScriptedImporter/UnityEditor.QuickSearchModule:UnityEditor.Search:ASIAI0B
Importing 'GUID: a31a332ce3485f00f7df8d987302a29c - Path: Packages/com.unity.modules.unitywebrequesttexture/package.ModuleCompilationTrigger - Importer: ScriptedImporter/UnityEditor.QuickSearchModule:UnityEditor.Search:ASIAI0B' with importer (ScriptedImporter : UnityEditor.QuickSearchModule:UnityEditor.Search:ASIAI0B)
Imported 'GUID: a31a332ce3485f00f7df8d987302a29c' -> (Import Result ID: '40779b12ab8832b01756b58ef810b1b4') in 0.003 seconds [static and dynamic dependencies]. Details - ImportResultOutputID=697d596529cd9e23383fde2d053b3532 DependenciesID=57b51da99129750b2d975a155538a8c4 StaticDependenciesID=55dd8749b9f6530e7d2c275e03594a2a 
Number of updated asset objects reloaded before import = 0
Number of asset objects unloaded after import = 1
========================================================================
Received Import Request.
  Time of request: 2026-09-10T11:09:00.1983712Z
  Time since last request: 0.0003378 seconds.
  importAddress: GUID: d1084186a4004823abee9b87c8ddf198 - Path: Packages/com.unity.multiplayer.center/Editor/MultiplayerCenterWindow/RecommendationViewBottomBar.cs - Importer: ScriptedImporter/UnityEditor.QuickSearchModule:UnityEditor.Search:ASIAI0B
Importing 'GUID: d1084186a4004823abee9b87c8ddf198 - Path: Packages/com.unity.multiplayer.center/Editor/MultiplayerCenterWindow/RecommendationViewBottomBar.cs - Importer: ScriptedImporter/UnityEditor.QuickSearchModule:UnityEditor.Search:ASIAI0B' with importer (ScriptedImporter : UnityEditor.QuickSearchModule:UnityEditor.Search:ASIAI0B)
Imported 'GUID: d1084186a4004823abee9b87c8ddf198' -> (Import Result ID: '3b4ac058b53e6ec958fdd807cb680a41') in 0.003 seconds [static and dynamic dependencies]. Details - ImportResultOutputID=41cb21d9cf0ff4d986d13ddefaedb994 DependenciesID=45c105716ccbb34ff68ca2530e951116 StaticDependenciesID=17d0a1631d1dc741c13b832a73b7923e 
Number of updated asset objects reloaded before import = 0
Number of asset objects unloaded after import = 0
========================================================================
Received Import Request.
  Time of request: 2026-09-10T11:09:00.202299Z
  Time since last request: 0.0004355 seconds.
  importAddress: GUID: d85e5eeaf8f135aeaaebdc8aa3cff6c3 - Path: Packages/com.unity.modules.umbra/package.json - Importer: ScriptedImporter/UnityEditor.QuickSearchModule:UnityEditor.Search:ASIAI0B
Importing 'GUID: d85e5eeaf8f135aeaaebdc8aa3cff6c3 - Path: Packages/com.unity.modules.umbra/package.json - Importer: ScriptedImporter/UnityEditor.QuickSearchModule:UnityEditor.Search:ASIAI0B' with importer (ScriptedImporter : UnityEditor.QuickSearchModule:UnityEditor.Search:ASIAI0B)
Imported 'GUID: d85e5eeaf8f135aeaaebdc8aa3cff6c3' -> (Import Result ID: '3ce19a14e381f1bc005802de15a7957e') in 0.003 seconds [static and dynamic dependencies]. Details - ImportResultOutputID=fe6836ee05fc9aae9fbcfed34cf6906e DependenciesID=fb3a28d7ec52f4aa1a43773ce2adf886 StaticDependenciesID=d564d22e891be9a9233c184ec3bf528a 
Number of updated asset objects reloaded before import = 0
Number of asset objects unloaded after import = 1
========================================================================
Received Import Request.
  Time of request: 2026-09-10T11:09:00.2061814Z
  Time since last request: 0.0003573 seconds.
  importAddress: GUID: 84abd2ab34a74600a33a3bb9d72859fe - Path: Packages/com.unity.multiplayer.center/Common/Unity.Multiplayer.Center.Common.asmdef - Importer: ScriptedImporter/UnityEditor.QuickSearchModule:UnityEditor.Search:ASIAI0B
Importing 'GUID: 84abd2ab34a74600a33a3bb9d72859fe - Path: Packages/com.unity.multiplayer.center/Common/Unity.Multiplayer.Center.Common.asmdef - Importer: ScriptedImporter/UnityEditor.QuickSearchModule:UnityEditor.Search:ASIAI0B' with importer (ScriptedImporter : UnityEditor.QuickSearchModule:UnityEditor.Search:ASIAI0B)
Imported 'GUID: 84abd2ab34a74600a33a3bb9d72859fe' -> (Import Result ID: 'c25b31d6cb1af6c59e17b16c470c1540') in 0.003 seconds [static and dynamic dependencies]. Details - ImportResultOutputID=f0726233ceaad1c4044162ce54476846 DependenciesID=da4a3a2f794d389b2b0f1fcf51069ac4 StaticDependenciesID=10e8e2f9e4322071dfeb7039df429088 
Number of updated asset objects reloaded before import = 0
Number of asset objects unloaded after import = 1
========================================================================
Received Import Request.
  Time of request: 2026-09-10T11:09:00.2096111Z
  Time since last request: 0.0002824 seconds.
  importAddress: GUID: 4b518b37798c97b0f860962cbf615533 - Path: Packages/com.unity.modules.unitywebrequestaudio/package.json - Importer: ScriptedImporter/UnityEditor.QuickSearchModule:UnityEditor.Search:ASIAI0B
Importing 'GUID: 4b518b37798c97b0f860962cbf615533 - Path: Packages/com.unity.modules.unitywebrequestaudio/package.json - Importer: ScriptedImporter/UnityEditor.QuickSearchModule:UnityEditor.Search:ASIAI0B' with importer (ScriptedImporter : UnityEditor.QuickSearchModule:UnityEditor.Search:ASIAI0B)
Imported 'GUID: 4b518b37798c97b0f860962cbf615533' -> (Import Result ID: '263dac9dd36dc37fec4e382ebe89185b') in 0.003 seconds [static and dynamic dependencies]. Details - ImportResultOutputID=83f844fc5534512084fe3b54b5f1c7df DependenciesID=ebde22b490ce85aaeb98add396715272 StaticDependenciesID=fde15cf59b19d28a3075a830186e59b9 
Number of updated asset objects reloaded before import = 0
Number of asset objects unloaded after import = 1
========================================================================
Received Import Request.
  Time of request: 2026-09-10T11:09:00.2134598Z
  Time since last request: 0.0002601 seconds.
  importAddress: GUID: ec737041edec4a5b93f7953a6ffe9f06 - Path: Packages/com.unity.multiplayer.center/Common/SelectedSolutionsData.cs - Importer: ScriptedImporter/UnityEditor.QuickSearchModule:UnityEditor.Search:ASIAI0B
Importing 'GUID: ec737041edec4a5b93f7953a6ffe9f06 - Path: Packages/com.unity.multiplayer.center/Common/SelectedSolutionsData.cs - Importer: ScriptedImporter/UnityEditor.QuickSearchModule:UnityEditor.Search:ASIAI0B' with importer (ScriptedImporter : UnityEditor.QuickSearchModule:UnityEditor.Search:ASIAI0B)
Imported 'GUID: ec737041edec4a5b93f7953a6ffe9f06' -> (Import Result ID: '799dad1224b4896f87240ed7647fe6f6') in 0.003 seconds [static and dynamic dependencies]. Details - ImportResultOutputID=99649c7922ef2c0e7df94064186c2508 DependenciesID=a7996a0731b420d7b2ad6083ff3f1662 StaticDependenciesID=1a95b267593e5c71e03af3fb8924576e 
Number of updated asset objects reloaded before import = 0
Number of asset objects unloaded after import = 0
========================================================================
Received Import Request.
  Time of request: 2026-09-10T11:09:00.2166308Z
  Time since last request: 0.0004711 seconds.
  importAddress: GUID: b5930dbc378b45d406aeb881f06b6dfa - Path: Packages/com.unity.modules.physicscore2d/package.json - Importer: ScriptedImporter/UnityEditor.QuickSearchModule:UnityEditor.Search:ASIAI0B
Importing 'GUID: b5930dbc378b45d406aeb881f06b6dfa - Path: Packages/com.unity.modules.physicscore2d/package.json - Importer: ScriptedImporter/UnityEditor.QuickSearchModule:UnityEditor.Search:ASIAI0B' with importer (ScriptedImporter : UnityEditor.QuickSearchModule:UnityEditor.Search:ASIAI0B)
Imported 'GUID: b5930dbc378b45d406aeb881f06b6dfa' -> (Import Result ID: 'd5487f41d6411c6d845890c42118e42d') in 0.003 seconds [static and dynamic dependencies]. Details - ImportResultOutputID=6ac7f4cc1d95bb49295c6c912d1f9178 DependenciesID=5f7a69b6b794b159e1fac9591a70aac9 StaticDependenciesID=9e8d9e85315e742368381eb6767ae395 
Number of updated asset objects reloaded before import = 0
Number of asset objects unloaded after import = 1
========================================================================
Received Import Request.
  Time of request: 2026-09-10T11:09:00.2197249Z
  Time since last request: 0.000304 seconds.
  importAddress: GUID: a1c42005fe7c5d78585a77ce396a5eea - Path: Packages/com.unity.modules.tilemap/package.ModuleCompilationTrigger - Importer: ScriptedImporter/UnityEditor.QuickSearchModule:UnityEditor.Search:ASIAI0B
Importing 'GUID: a1c42005fe7c5d78585a77ce396a5eea - Path: Packages/com.unity.modules.tilemap/package.ModuleCompilationTrigger - Importer: ScriptedImporter/UnityEditor.QuickSearchModule:UnityEditor.Search:ASIAI0B' with importer (ScriptedImporter : UnityEditor.QuickSearchModule:UnityEditor.Search:ASIAI0B)
Imported 'GUID: a1c42005fe7c5d78585a77ce396a5eea' -> (Import Result ID: '0377f3c5bc5426d3b2d9684e775e07bc') in 0.002 seconds [static and dynamic dependencies]. Details - ImportResultOutputID=05d2b41f9c5b450df1115256058b364e DependenciesID=8f33e9e1dfb421697b03bfae3e7430b0 StaticDependenciesID=6b24b6182ee74f833622d98f7f941e5b 
Number of updated asset objects reloaded before import = 0
Number of asset objects unloaded after import = 1
========================================================================
Received Import Request.
  Time of request: 2026-09-10T11:09:00.222551Z
  Time since last request: 0.0003071 seconds.
  importAddress: GUID: e9faa4a7023c43c5805642250c703f48 - Path: Packages/com.unity.multiplayer.center/Editor/Analytics/OnboardingSectionAnalyticsProvider.cs - Importer: ScriptedImporter/UnityEditor.QuickSearchModule:UnityEditor.Search:ASIAI0B
Importing 'GUID: e9faa4a7023c43c5805642250c703f48 - Path: Packages/com.unity.multiplayer.center/Editor/Analytics/OnboardingSectionAnalyticsProvider.cs - Importer: ScriptedImporter/UnityEditor.QuickSearchModule:UnityEditor.Search:ASIAI0B' with importer (ScriptedImporter : UnityEditor.QuickSearchModule:UnityEditor.Search:ASIAI0B)
Imported 'GUID: e9faa4a7023c43c5805642250c703f48' -> (Import Result ID: '7525a1becf981f673a442c1e827eab91') in 0.003 seconds [static and dynamic dependencies]. Details - ImportResultOutputID=b339586b7f12bf04039e71320a4c7449 DependenciesID=f16780c00758822bca001217acb7000a StaticDependenciesID=f6db59a54f3f0bdad0e550bfc931882d 
Number of updated asset objects reloaded before import = 0
Number of asset objects unloaded after import = 0
========================================================================
Received Import Request.
  Time of request: 2026-09-10T11:09:00.2256404Z
  Time since last request: 0.0002793 seconds.
  importAddress: GUID: fcbb62ff857b4cf49e74f5f9aca6e8d6 - Path: Packages/com.unity.multiplayer.center/Editor/OnBoarding/SectionsFinder.cs - Importer: ScriptedImporter/UnityEditor.QuickSearchModule:UnityEditor.Search:ASIAI0B
Importing 'GUID: fcbb62ff857b4cf49e74f5f9aca6e8d6 - Path: Packages/com.unity.multiplayer.center/Editor/OnBoarding/SectionsFinder.cs - Importer: ScriptedImporter/UnityEditor.QuickSearchModule:UnityEditor.Search:ASIAI0B' with importer (ScriptedImporter : UnityEditor.QuickSearchModule:UnityEditor.Search:ASIAI0B)
Imported 'GUID: fcbb62ff857b4cf49e74f5f9aca6e8d6' -> (Import Result ID: '31e899aff4302cf82e9b396ef7565683') in 0.002 seconds [static and dynamic dependencies]. Details - ImportResultOutputID=4949990f321471ab2dcdb4b54f3bd105 DependenciesID=4906c8633aac76ea55edccf0f3087fc9 StaticDependenciesID=f60bcf4ea36dafd1421e7f655d485025 
Number of updated asset objects reloaded before import = 0
Number of asset objects unloaded after import = 0
========================================================================
Received Import Request.
  Time of request: 2026-09-10T11:09:00.22849Z
  Time since last request: 0.0002486 seconds.
  importAddress: GUID: cbb1a39d56ce4d9ac1a46ac505893fa7 - Path: Packages/com.unity.modules.terrainphysics/package.ModuleCompilationTrigger - Importer: ScriptedImporter/UnityEditor.QuickSearchModule:UnityEditor.Search:ASIAI0B
Importing 'GUID: cbb1a39d56ce4d9ac1a46ac505893fa7 - Path: Packages/com.unity.modules.terrainphysics/package.ModuleCompilationTrigger - Importer: ScriptedImporter/UnityEditor.QuickSearchModule:UnityEditor.Search:ASIAI0B' with importer (ScriptedImporter : UnityEditor.QuickSearchModule:UnityEditor.Search:ASIAI0B)
Imported 'GUID: cbb1a39d56ce4d9ac1a46ac505893fa7' -> (Import Result ID: 'f737aeb8499038d216bd460b18c11331') in 0.002 seconds [static and dynamic dependencies]. Details - ImportResultOutputID=6fcf3f08247c5e2212e2548e2494e39d DependenciesID=d04625a47c2a94faae48278c165b1449 StaticDependenciesID=a72dd1b071fbac5615e5c68ddf0e0493 
Number of updated asset objects reloaded before import = 0
Number of asset objects unloaded after import = 1
========================================================================
Received Import Request.
  Time of request: 2026-09-10T11:09:00.2313413Z
  Time since last request: 0.0002925 seconds.
  importAddress: GUID: cd561f5f687aed43bf280c27a84f79e3 - Path: Packages/com.unity.modules.screencapture/package.ModuleCompilationTrigger - Importer: ScriptedImporter/UnityEditor.QuickSearchModule:UnityEditor.Search:ASIAI0B
Importing 'GUID: cd561f5f687aed43bf280c27a84f79e3 - Path: Packages/com.unity.modules.screencapture/package.ModuleCompilationTrigger - Importer: ScriptedImporter/UnityEditor.QuickSearchModule:UnityEditor.Search:ASIAI0B' with importer (ScriptedImporter : UnityEditor.QuickSearchModule:UnityEditor.Search:ASIAI0B)
Imported 'GUID: cd561f5f687aed43bf280c27a84f79e3' -> (Import Result ID: '697614012f4ec9d588db082f5237c250') in 0.003 seconds [static and dynamic dependencies]. Details - ImportResultOutputID=bf2e9f2980588daad2750bb6c56cd182 DependenciesID=a8786e610df7666dca5d8fbe81233a60 StaticDependenciesID=462d53b40b3e1138d927b024815499b9 
Number of updated asset objects reloaded before import = 0
Number of asset objects unloaded after import = 1
========================================================================
Received Import Request.
  Time of request: 2026-09-10T11:09:00.2344075Z
  Time since last request: 0.0003552 seconds.
  importAddress: GUID: 1b6246f2248883964991eac9e9b4817c - Path: Packages/com.unity.modules.umbra/package.ModuleCompilationTrigger - Importer: ScriptedImporter/UnityEditor.QuickSearchModule:UnityEditor.Search:ASIAI0B
Importing 'GUID: 1b6246f2248883964991eac9e9b4817c - Path: Packages/com.unity.modules.umbra/package.ModuleCompilationTrigger - Importer: ScriptedImporter/UnityEditor.QuickSearchModule:UnityEditor.Search:ASIAI0B' with importer (ScriptedImporter : UnityEditor.QuickSearchModule:UnityEditor.Search:ASIAI0B)
Imported 'GUID: 1b6246f2248883964991eac9e9b4817c' -> (Import Result ID: 'de6dcbd42ce78d568f16024dc3ebee81') in 0.002 seconds [static and dynamic dependencies]. Details - ImportResultOutputID=56718ff442ac48634343711d1d9faffd DependenciesID=9279a21be1e1edb4ab0f880ec58fd2e8 StaticDependenciesID=e06c91cb5e498cfc7dc997e5d37f5dba 
Number of updated asset objects reloaded before import = 0
Number of asset objects unloaded after import = 1
========================================================================
Received Import Request.
  Time of request: 2026-09-10T11:09:00.2372753Z
  Time since last request: 0.0002356 seconds.
  importAddress: GUID: c8f6fa942856442b8bd72594d3ce7363 - Path: Packages/com.unity.multiplayer.center/Third Party Notices.md - Importer: ScriptedImporter/UnityEditor.QuickSearchModule:UnityEditor.Search:ASIAI0B
Importing 'GUID: c8f6fa942856442b8bd72594d3ce7363 - Path: Packages/com.unity.multiplayer.center/Third Party Notices.md - Importer: ScriptedImporter/UnityEditor.QuickSearchModule:UnityEditor.Search:ASIAI0B' with importer (ScriptedImporter : UnityEditor.QuickSearchModule:UnityEditor.Search:ASIAI0B)
Imported 'GUID: c8f6fa942856442b8bd72594d3ce7363' -> (Import Result ID: '8934aea550d0c53e2a134a48b8ca6364') in 0.003 seconds [static and dynamic dependencies]. Details - ImportResultOutputID=a6264ec2b77ca419759daa78ed01ddfb DependenciesID=0ed3cd84e58380d011b13caaf1f8a17b StaticDependenciesID=68a7a4c8a7d640afe17ecdfc6e8dbae9 
Number of updated asset objects reloaded before import = 0
Number of asset objects unloaded after import = 1
========================================================================
Received Import Request.
  Time of request: 2026-09-10T11:09:00.2410921Z
  Time since last request: 0.0003335 seconds.
  importAddress: GUID: 40bf3cec17fa0b49fe04443c8332d638 - Path: Packages/com.unity.modules.jsonserialize/package.json - Importer: ScriptedImporter/UnityEditor.QuickSearchModule:UnityEditor.Search:ASIAI0B
Importing 'GUID: 40bf3cec17fa0b49fe04443c8332d638 - Path: Packages/com.unity.modules.jsonserialize/package.json - Importer: ScriptedImporter/UnityEditor.QuickSearchModule:UnityEditor.Search:ASIAI0B' with importer (ScriptedImporter : UnityEditor.QuickSearchModule:UnityEditor.Search:ASIAI0B)
Imported 'GUID: 40bf3cec17fa0b49fe04443c8332d638' -> (Import Result ID: 'da3253f8d2e5168523489142656399db') in 0.003 seconds [static and dynamic dependencies]. Details - ImportResultOutputID=7d6b32e58af5379edc1de0074bc9c585 DependenciesID=d0daf1d207826f5b20178178a99c798e StaticDependenciesID=ceabe9db4a4183545e2bf3ec38ae2d39 
Number of updated asset objects reloaded before import = 0
Number of asset objects unloaded after import = 1
========================================================================
Received Import Request.
  Time of request: 2026-09-10T11:09:00.2452897Z
  Time since last request: 0.0007277 seconds.
  importAddress: GUID: 042dc296246916648e55a43d0eeb2036 - Path: Packages/com.unity.modules.audio/package.ModuleCompilationTrigger - Importer: ScriptedImporter/UnityEditor.QuickSearchModule:UnityEditor.Search:ASIAI0B
Importing 'GUID: 042dc296246916648e55a43d0eeb2036 - Path: Packages/com.unity.modules.audio/package.ModuleCompilationTrigger - Importer: ScriptedImporter/UnityEditor.QuickSearchModule:UnityEditor.Search:ASIAI0B' with importer (ScriptedImporter : UnityEditor.QuickSearchModule:UnityEditor.Search:ASIAI0B)
Imported 'GUID: 042dc296246916648e55a43d0eeb2036' -> (Import Result ID: 'b4eda81f8d4e13252e42de30d3232ab2') in 0.003 seconds [static and dynamic dependencies]. Details - ImportResultOutputID=b1dcaa7bc9bc6dd4412fbde870614cdf DependenciesID=faf51ddfc74b8af0d8edc575e50a0ab7 StaticDependenciesID=ecad093def8bb1ef3867aead18dda637 
Number of updated asset objects reloaded before import = 0
Number of asset objects unloaded after import = 1
========================================================================
Received Import Request.
  Time of request: 2026-09-10T11:09:00.2493001Z
  Time since last request: 0.0005338 seconds.
  importAddress: GUID: d3cbe921f7b3d9a3257e7c61a5761796 - Path: Packages/com.unity.modules.terrainphysics/package.json - Importer: ScriptedImporter/UnityEditor.QuickSearchModule:UnityEditor.Search:ASIAI0B
Importing 'GUID: d3cbe921f7b3d9a3257e7c61a5761796 - Path: Packages/com.unity.modules.terrainphysics/package.json - Importer: ScriptedImporter/UnityEditor.QuickSearchModule:UnityEditor.Search:ASIAI0B' with importer (ScriptedImporter : UnityEditor.QuickSearchModule:UnityEditor.Search:ASIAI0B)
Imported 'GUID: d3cbe921f7b3d9a3257e7c61a5761796' -> (Import Result ID: '66b37cd03ceccdfcafa01c5cae247164') in 0.003 seconds [static and dynamic dependencies]. Details - ImportResultOutputID=f0747f183530bd9f846a698594912f45 DependenciesID=d54718b71890fe20d03df3a863a49bcd StaticDependenciesID=be7ba782dbde81d6dd767a6d429c6c37 
Number of updated asset objects reloaded before import = 0
Number of asset objects unloaded after import = 1
========================================================================
Received Import Request.
  Time of request: 2026-09-10T11:09:00.2531524Z
  Time since last request: 0.0003869 seconds.
  importAddress: GUID: 14e86f88e9a8c9c448d7e7df92f2aeec - Path: Packages/com.unity.modules.physicscore2d/package.ModuleCompilationTrigger - Importer: ScriptedImporter/UnityEditor.QuickSearchModule:UnityEditor.Search:ASIAI0B
Importing 'GUID: 14e86f88e9a8c9c448d7e7df92f2aeec - Path: Packages/com.unity.modules.physicscore2d/package.ModuleCompilationTrigger - Importer: ScriptedImporter/UnityEditor.QuickSearchModule:UnityEditor.Search:ASIAI0B' with importer (ScriptedImporter : UnityEditor.QuickSearchModule:UnityEditor.Search:ASIAI0B)
Imported 'GUID: 14e86f88e9a8c9c448d7e7df92f2aeec' -> (Import Result ID: 'f5268c93b6d730d2e174795b373b17f2') in 0.004 seconds [static and dynamic dependencies]. Details - ImportResultOutputID=d840cefb931d0c2b7a51debd25da2081 DependenciesID=d78a0c237cf18c554b598fc2a4dd8d52 StaticDependenciesID=e2874be0511683b2e3c8487c49d4b47e 
Number of updated asset objects reloaded before import = 0
Number of asset objects unloaded after import = 1
========================================================================
Received Import Request.
  Time of request: 2026-09-10T11:09:00.2578619Z
  Time since last request: 0.0005227 seconds.
  importAddress: GUID: 51566b3736df4282bbe76645014b0cc5 - Path: Packages/com.unity.multiplayer.center/Editor/AssemblyInfo.cs - Importer: ScriptedImporter/UnityEditor.QuickSearchModule:UnityEditor.Search:ASIAI0B
Importing 'GUID: 51566b3736df4282bbe76645014b0cc5 - Path: Packages/com.unity.multiplayer.center/Editor/AssemblyInfo.cs - Importer: ScriptedImporter/UnityEditor.QuickSearchModule:UnityEditor.Search:ASIAI0B' with importer (ScriptedImporter : UnityEditor.QuickSearchModule:UnityEditor.Search:ASIAI0B)
Imported 'GUID: 51566b3736df4282bbe76645014b0cc5' -> (Import Result ID: 'c39faff0a08f5ea156d74ee7a875c6a5') in 0.003 seconds [static and dynamic dependencies]. Details - ImportResultOutputID=ef17ecc12a3664dea7b18d5e35f8fc8b DependenciesID=3ee774c3f2caa827f0bc10e9dbbceceb StaticDependenciesID=991c344acc7b04b98731622b67447235 
Number of updated asset objects reloaded before import = 0
Number of asset objects unloaded after import = 0
========================================================================
Received Import Request.
  Time of request: 2026-09-10T11:09:00.2614338Z
  Time since last request: 0.0004622 seconds.
  importAddress: GUID: 4cee1dc929764056ac40ece91efef712 - Path: Packages/com.unity.multiplayer.center/Editor/Analytics/AnalyticsData.cs - Importer: ScriptedImporter/UnityEditor.QuickSearchModule:UnityEditor.Search:ASIAI0B
Importing 'GUID: 4cee1dc929764056ac40ece91efef712 - Path: Packages/com.unity.multiplayer.center/Editor/Analytics/AnalyticsData.cs - Importer: ScriptedImporter/UnityEditor.QuickSearchModule:UnityEditor.Search:ASIAI0B' with importer (ScriptedImporter : UnityEditor.QuickSearchModule:UnityEditor.Search:ASIAI0B)
Imported 'GUID: 4cee1dc929764056ac40ece91efef712' -> (Import Result ID: '2484e099379a6d685260a691429f3d94') in 0.003 seconds [static and dynamic dependencies]. Details - ImportResultOutputID=3cdeb97a5bff43a05b8029ab4c3e227a DependenciesID=7dce6b357387138a58f48c0050e8883d StaticDependenciesID=ccad821edb658c0038d705db00172a77 
Number of updated asset objects reloaded before import = 0
Number of asset objects unloaded after import = 0
========================================================================
Received Import Request.
  Time of request: 2026-09-10T11:09:00.2653128Z
  Time since last request: 0.0003496 seconds.
  importAddress: GUID: d0e3ad91972c66f5238f5b9b7d5ae58a - Path: Packages/com.unity.modules.unitywebrequesttexture/package.json - Importer: ScriptedImporter/UnityEditor.QuickSearchModule:UnityEditor.Search:ASIAI0B
Importing 'GUID: d0e3ad91972c66f5238f5b9b7d5ae58a - Path: Packages/com.unity.modules.unitywebrequesttexture/package.json - Importer: ScriptedImporter/UnityEditor.QuickSearchModule:UnityEditor.Search:ASIAI0B' with importer (ScriptedImporter : UnityEditor.QuickSearchModule:UnityEditor.Search:ASIAI0B)
Imported 'GUID: d0e3ad91972c66f5238f5b9b7d5ae58a' -> (Import Result ID: 'dfb04568566b483cf02fbca012302400') in 0.003 seconds [static and dynamic dependencies]. Details - ImportResultOutputID=0f0500455ae563be1ad9c8fb82c5513e DependenciesID=eec9777d1ed01f6a56731e28b475bc2b StaticDependenciesID=b69713d9e888d5e3c19063ff1908b9e0 
Number of updated asset objects reloaded before import = 0
Number of asset objects unloaded after import = 1
========================================================================
Received Import Request.
  Time of request: 2026-09-10T11:09:00.2689796Z
  Time since last request: 0.0002793 seconds.
  importAddress: GUID: 3bbd27b3dd7be4a74aeab8da6b0af5cc - Path: Packages/com.unity.multiplayer.center/CHANGELOG.md - Importer: ScriptedImporter/UnityEditor.QuickSearchModule:UnityEditor.Search:ASIAI0B
Importing 'GUID: 3bbd27b3dd7be4a74aeab8da6b0af5cc - Path: Packages/com.unity.multiplayer.center/CHANGELOG.md - Importer: ScriptedImporter/UnityEditor.QuickSearchModule:UnityEditor.Search:ASIAI0B' with importer (ScriptedImporter : UnityEditor.QuickSearchModule:UnityEditor.Search:ASIAI0B)
Imported 'GUID: 3bbd27b3dd7be4a74aeab8da6b0af5cc' -> (Import Result ID: 'f65b890c716c2d4204ef43177e8cb7bc') in 0.003 seconds [static and dynamic dependencies]. Details - ImportResultOutputID=9bab42fba699217298209b7d15df60b4 DependenciesID=857fb73b9271d3419556cb433f612284 StaticDependenciesID=83a06dd8920033ed46ac346590fd3dff 
Number of updated asset objects reloaded before import = 0
Number of asset objects unloaded after import = 1
========================================================================
Received Import Request.
  Time of request: 2026-09-10T11:09:00.2723585Z
  Time since last request: 0.0004 seconds.
  importAddress: GUID: 42fe78c8fe682715a2cb531422e6ccb3 - Path: Packages/com.unity.modules.imgui/package.json - Importer: ScriptedImporter/UnityEditor.QuickSearchModule:UnityEditor.Search:ASIAI0B
Importing 'GUID: 42fe78c8fe682715a2cb531422e6ccb3 - Path: Packages/com.unity.modules.imgui/package.json - Importer: ScriptedImporter/UnityEditor.QuickSearchModule:UnityEditor.Search:ASIAI0B' with importer (ScriptedImporter : UnityEditor.QuickSearchModule:UnityEditor.Search:ASIAI0B)
Imported 'GUID: 42fe78c8fe682715a2cb531422e6ccb3' -> (Import Result ID: '4f2e8454fa2620c77b7c6ef4ed367bf3') in 0.004 seconds [static and dynamic dependencies]. Details - ImportResultOutputID=9d6cecca9eed992cbf451aed656215a3 DependenciesID=e18d6a231667cfc3de68a34912b270d9 StaticDependenciesID=04f3d155746ab74f90d33f1309b9cd3b 
Number of updated asset objects reloaded before import = 0
Number of asset objects unloaded after import = 1
========================================================================
Received Import Request.
  Time of request: 2026-09-10T11:09:00.2765416Z
  Time since last request: 0.0002952 seconds.
  importAddress: GUID: dd20f32039084a12a8e48dffd4d58f48 - Path: Packages/com.unity.multiplayer.center/Editor/Analytics/DebugAnalytics.cs - Importer: ScriptedImporter/UnityEditor.QuickSearchModule:UnityEditor.Search:ASIAI0B
Importing 'GUID: dd20f32039084a12a8e48dffd4d58f48 - Path: Packages/com.unity.multiplayer.center/Editor/Analytics/DebugAnalytics.cs - Importer: ScriptedImporter/UnityEditor.QuickSearchModule:UnityEditor.Search:ASIAI0B' with importer (ScriptedImporter : UnityEditor.QuickSearchModule:UnityEditor.Search:ASIAI0B)
Imported 'GUID: dd20f32039084a12a8e48dffd4d58f48' -> (Import Result ID: '929fc1fe596b58e8be51f986f06fe2a6') in 0.003 seconds [static and dynamic dependencies]. Details - ImportResultOutputID=237a293b53c4d7fcbc4ee74644a6688d DependenciesID=315f8114095714e9fe2ee18520362805 StaticDependenciesID=8bac49e52ff77d061ffa2e91342259dc 
Number of updated asset objects reloaded before import = 0
Number of asset objects unloaded after import = 0
========================================================================
Received Import Request.
  Time of request: 2026-09-10T11:09:00.2798964Z
  Time since last request: 0.0003845 seconds.
  importAddress: GUID: e6a135e3ea9cb46795d1b0e05ac3e1e5 - Path: Packages/com.unity.modules.jsonserialize/package.ModuleCompilationTrigger - Importer: ScriptedImporter/UnityEditor.QuickSearchModule:UnityEditor.Search:ASIAI0B
Importing 'GUID: e6a135e3ea9cb46795d1b0e05ac3e1e5 - Path: Packages/com.unity.modules.jsonserialize/package.ModuleCompilationTrigger - Importer: ScriptedImporter/UnityEditor.QuickSearchModule:UnityEditor.Search:ASIAI0B' with importer (ScriptedImporter : UnityEditor.QuickSearchModule:UnityEditor.Search:ASIAI0B)
Imported 'GUID: e6a135e3ea9cb46795d1b0e05ac3e1e5' -> (Import Result ID: '0f9318863a9fc5d8eb9f5d290cb003c7') in 0.002 seconds [static and dynamic dependencies]. Details - ImportResultOutputID=93f45707ad783f26030405e547417701 DependenciesID=5ac7c139e0e90c65cee44a26f61a89f5 StaticDependenciesID=87cbc9f3f6f3ce3710a91df6a8119747 
Number of updated asset objects reloaded before import = 0
Number of asset objects unloaded after import = 1
========================================================================
Received Import Request.
  Time of request: 2026-09-10T11:09:00.2826613Z
  Time since last request: 0.0003144 seconds.
  importAddress: GUID: 71136fc5cf34f2cc10be0e33c0b08019 - Path: Packages/com.unity.modules.unityanalytics/package.ModuleCompilationTrigger - Importer: ScriptedImporter/UnityEditor.QuickSearchModule:UnityEditor.Search:ASIAI0B
Importing 'GUID: 71136fc5cf34f2cc10be0e33c0b08019 - Path: Packages/com.unity.modules.unityanalytics/package.ModuleCompilationTrigger - Importer: ScriptedImporter/UnityEditor.QuickSearchModule:UnityEditor.Search:ASIAI0B' with importer (ScriptedImporter : UnityEditor.QuickSearchModule:UnityEditor.Search:ASIAI0B)
Imported 'GUID: 71136fc5cf34f2cc10be0e33c0b08019' -> (Import Result ID: '236c6b30fcf25af913ca71cec463e986') in 0.003 seconds [static and dynamic dependencies]. Details - ImportResultOutputID=8c56fd51300df42dec56439612bb2f63 DependenciesID=662bf0c514610421b38ae4fa030dd05e StaticDependenciesID=0271529bae90857a75e811db014e4bb8 
Number of updated asset objects reloaded before import = 0
Number of asset objects unloaded after import = 1
========================================================================
Received Import Request.
  Time of request: 2026-09-10T11:09:00.2865093Z
  Time since last request: 0.0003333 seconds.
  importAddress: GUID: 8bce0b24c28e45d884acfcf49a3b8945 - Path: Packages/com.unity.multiplayer.center/Editor/Analytics/MultiplayerCenterAnalyticsFactory.cs - Importer: ScriptedImporter/UnityEditor.QuickSearchModule:UnityEditor.Search:ASIAI0B
Importing 'GUID: 8bce0b24c28e45d884acfcf49a3b8945 - Path: Packages/com.unity.multiplayer.center/Editor/Analytics/MultiplayerCenterAnalyticsFactory.cs - Importer: ScriptedImporter/UnityEditor.QuickSearchModule:UnityEditor.Search:ASIAI0B' with importer (ScriptedImporter : UnityEditor.QuickSearchModule:UnityEditor.Search:ASIAI0B)
Imported 'GUID: 8bce0b24c28e45d884acfcf49a3b8945' -> (Import Result ID: '4aacf4afcda5f8d0758dcd737af7bc20') in 0.004 seconds [static and dynamic dependencies]. Details - ImportResultOutputID=9c3a4511b4fb1194df9b2a4bcc811be1 DependenciesID=2b6b1318736b4e6b616620821fffc30e StaticDependenciesID=104d2717fe28c015b04cac33aaf49a7c 
Number of updated asset objects reloaded before import = 0
Number of asset objects unloaded after import = 0
========================================================================
Received Import Request.
  Time of request: 2026-09-10T11:09:00.2908659Z
  Time since last request: 0.0004436 seconds.
  importAddress: GUID: fa27413e9edb06a6058d6c894eca0338 - Path: Packages/com.unity.modules.unitywebrequestwww/package.json - Importer: ScriptedImporter/UnityEditor.QuickSearchModule:UnityEditor.Search:ASIAI0B
Importing 'GUID: fa27413e9edb06a6058d6c894eca0338 - Path: Packages/com.unity.modules.unitywebrequestwww/package.json - Importer: ScriptedImporter/UnityEditor.QuickSearchModule:UnityEditor.Search:ASIAI0B' with importer (ScriptedImporter : UnityEditor.QuickSearchModule:UnityEditor.Search:ASIAI0B)
Imported 'GUID: fa27413e9edb06a6058d6c894eca0338' -> (Import Result ID: '79a1ffc9869400a744b2fa22350c7590') in 0.004 seconds [static and dynamic dependencies]. Details - ImportResultOutputID=5a7e7cc0b53ee92b3efc046cdff6385c DependenciesID=b75adfcc1ad0489cd2e36d2d23ce5cc2 StaticDependenciesID=689a006160365d60b7d0386c8c5eea52 
Number of updated asset objects reloaded before import = 0
Number of asset objects unloaded after import = 1
========================================================================
Received Import Request.
  Time of request: 2026-09-10T11:09:00.2954769Z
  Time since last request: 0.0005542 seconds.
  importAddress: GUID: d2c2caab1f2642afa6c07dec054fd34f - Path: Packages/com.unity.multiplayer.center/Editor/OnBoarding/GettingStartedTabView.cs - Importer: ScriptedImporter/UnityEditor.QuickSearchModule:UnityEditor.Search:ASIAI0B
Importing 'GUID: d2c2caab1f2642afa6c07dec054fd34f - Path: Packages/com.unity.multiplayer.center/Editor/OnBoarding/GettingStartedTabView.cs - Importer: ScriptedImporter/UnityEditor.QuickSearchModule:UnityEditor.Search:ASIAI0B' with importer (ScriptedImporter : UnityEditor.QuickSearchModule:UnityEditor.Search:ASIAI0B)
Imported 'GUID: d2c2caab1f2642afa6c07dec054fd34f' -> (Import Result ID: '7d28749b5d803d34d3515e81013713f1') in 0.003 seconds [static and dynamic dependencies]. Details - ImportResultOutputID=4c6cb941e2eeecf1cf1879bb05b40d35 DependenciesID=1d0ea30d11e20e02de904cfae0ca20b2 StaticDependenciesID=fe4654cadc712ccf90d896f5f0e5fb64 
Number of updated asset objects reloaded before import = 0
Number of asset objects unloaded after import = 0
========================================================================
Received Import Request.
  Time of request: 2026-09-10T11:09:00.2994475Z
  Time since last request: 0.0004216 seconds.
  importAddress: GUID: 322b0121d39f45208a3d933e6926a9d8 - Path: Packages/com.unity.multiplayer.center/Editor/OnBoarding/QuickstartPackageHandling.cs - Importer: ScriptedImporter/UnityEditor.QuickSearchModule:UnityEditor.Search:ASIAI0B
Importing 'GUID: 322b0121d39f45208a3d933e6926a9d8 - Path: Packages/com.unity.multiplayer.center/Editor/OnBoarding/QuickstartPackageHandling.cs - Importer: ScriptedImporter/UnityEditor.QuickSearchModule:UnityEditor.Search:ASIAI0B' with importer (ScriptedImporter : UnityEditor.QuickSearchModule:UnityEditor.Search:ASIAI0B)
Imported 'GUID: 322b0121d39f45208a3d933e6926a9d8' -> (Import Result ID: '10918e77bca1a59f01dcfab1786a8111') in 0.003 seconds [static and dynamic dependencies]. Details - ImportResultOutputID=71e4c0ea562667dd57feb6858990d4ed DependenciesID=07fb9ab1c926ad1853f3d40c6a09328e StaticDependenciesID=ea30257ff9dc3b07aa9383d9cffff8a1 
Number of updated asset objects reloaded before import = 0
Number of asset objects unloaded after import = 0
========================================================================
Received Import Request.
  Time of request: 2026-09-10T11:09:00.3027271Z
  Time since last request: 0.0002683 seconds.
  importAddress: GUID: 26a4f29db434fd79025c91f6126382cc - Path: Packages/com.unity.modules.unityanalytics/package.json - Importer: ScriptedImporter/UnityEditor.QuickSearchModule:UnityEditor.Search:ASIAI0B
Importing 'GUID: 26a4f29db434fd79025c91f6126382cc - Path: Packages/com.unity.modules.unityanalytics/package.json - Importer: ScriptedImporter/UnityEditor.QuickSearchModule:UnityEditor.Search:ASIAI0B' with importer (ScriptedImporter : UnityEditor.QuickSearchModule:UnityEditor.Search:ASIAI0B)
Imported 'GUID: 26a4f29db434fd79025c91f6126382cc' -> (Import Result ID: '124ed23901a679876d7f7c8746993383') in 0.006 seconds [static and dynamic dependencies]. Details - ImportResultOutputID=0d0ea2e6edb00cc8a231951c86ff3612 DependenciesID=c61f670adc8b8b1ecfbd931dd93d2d1e StaticDependenciesID=0ee351d5a59e840f14d6becfb44f445b 
Number of updated asset objects reloaded before import = 0
Number of asset objects unloaded after import = 1
========================================================================
Received Import Request.
  Time of request: 2026-09-10T11:09:00.3088462Z
  Time since last request: 0.0003708 seconds.
  importAddress: GUID: 7e006510f5f4425ca971c7de0bfbb77a - Path: Packages/com.unity.multiplayer.center/Editor/MultiplayerCenterWindow/MultiplayerCenterWindow.cs - Importer: ScriptedImporter/UnityEditor.QuickSearchModule:UnityEditor.Search:ASIAI0B
Importing 'GUID: 7e006510f5f4425ca971c7de0bfbb77a - Path: Packages/com.unity.multiplayer.center/Editor/MultiplayerCenterWindow/MultiplayerCenterWindow.cs - Importer: ScriptedImporter/UnityEditor.QuickSearchModule:UnityEditor.Search:ASIAI0B' with importer (ScriptedImporter : UnityEditor.QuickSearchModule:UnityEditor.Search:ASIAI0B)
Imported 'GUID: 7e006510f5f4425ca971c7de0bfbb77a' -> (Import Result ID: 'bfaa4c0eb03311ecf1292528bc0cad1b') in 0.003 seconds [static and dynamic dependencies]. Details - ImportResultOutputID=5484982c60587abbff3d6f46a6d98087 DependenciesID=bc13ea5c9e7dcb473ebcc65be43de8de StaticDependenciesID=3d9824687e6b8fb4c476245560678a0b 
Number of updated asset objects reloaded before import = 0
Number of asset objects unloaded after import = 0
========================================================================
Received Import Request.
  Time of request: 2026-09-10T11:09:00.3125707Z
  Time since last request: 0.0003656 seconds.
  importAddress: GUID: fdefed6b790f4373b0feb7d25854d8ac - Path: Packages/com.unity.multiplayer.center/Editor/MultiplayerCenterWindow/TabGroup.cs - Importer: ScriptedImporter/UnityEditor.QuickSearchModule:UnityEditor.Search:ASIAI0B
Importing 'GUID: fdefed6b790f4373b0feb7d25854d8ac - Path: Packages/com.unity.multiplayer.center/Editor/MultiplayerCenterWindow/TabGroup.cs - Importer: ScriptedImporter/UnityEditor.QuickSearchModule:UnityEditor.Search:ASIAI0B' with importer (ScriptedImporter : UnityEditor.QuickSearchModule:UnityEditor.Search:ASIAI0B)
Imported 'GUID: fdefed6b790f4373b0feb7d25854d8ac' -> (Import Result ID: 'bde30c4c2f6f6b3a1c05b7f0a2bf4c13') in 0.003 seconds [static and dynamic dependencies]. Details - ImportResultOutputID=0ac6a65e9009794a70aaedbcf8fc13e1 DependenciesID=8ec8ad1a2235ac93153e4ccda2c33790 StaticDependenciesID=06c14151fc85da36fc200e81b484518a 
Number of updated asset objects reloaded before import = 0
Number of asset objects unloaded after import = 0
========================================================================
Received Import Request.
  Time of request: 2026-09-10T11:09:00.315707Z
  Time since last request: 0.0002848 seconds.
  importAddress: GUID: 92a378669877c05c6071d0fed687bb95 - Path: Packages/com.unity.modules.tilemap/package.json - Importer: ScriptedImporter/UnityEditor.QuickSearchModule:UnityEditor.Search:ASIAI0B
Importing 'GUID: 92a378669877c05c6071d0fed687bb95 - Path: Packages/com.unity.modules.tilemap/package.json - Importer: ScriptedImporter/UnityEditor.QuickSearchModule:UnityEditor.Search:ASIAI0B' with importer (ScriptedImporter : UnityEditor.QuickSearchModule:UnityEditor.Search:ASIAI0B)
Imported 'GUID: 92a378669877c05c6071d0fed687bb95' -> (Import Result ID: 'abc42c99d18a249552e4485a313ce2f2') in 0.002 seconds [static and dynamic dependencies]. Details - ImportResultOutputID=a07a45a4024dea4f982eb905c57c294b DependenciesID=d143917abfed2b763dcea01b195ccf9c StaticDependenciesID=acc6563d362951178245b08d3f9d82ae 
Number of updated asset objects reloaded before import = 0
Number of asset objects unloaded after import = 1
========================================================================
Received Import Request.
  Time of request: 2026-09-10T11:09:00.3360819Z
  Time since last request: 0.0177678 seconds.
  importAddress: GUID: 157e1606dfbd48dda6f01acbf49435b0 - Path: Packages/com.unity.multiplayer.center/Editor/MultiplayerCenterWindow/UI/QuestionSection.cs - Importer: ScriptedImporter/UnityEditor.QuickSearchModule:UnityEditor.Search:ASIAI0B
Importing 'GUID: 157e1606dfbd48dda6f01acbf49435b0 - Path: Packages/com.unity.multiplayer.center/Editor/MultiplayerCenterWindow/UI/QuestionSection.cs - Importer: ScriptedImporter/UnityEditor.QuickSearchModule:UnityEditor.Search:ASIAI0B' with importer (ScriptedImporter : UnityEditor.QuickSearchModule:UnityEditor.Search:ASIAI0B)
Imported 'GUID: 157e1606dfbd48dda6f01acbf49435b0' -> (Import Result ID: 'cd06637c0be1f89398db96c7d1e7e185') in 0.003 seconds [static and dynamic dependencies]. Details - ImportResultOutputID=4ec9f2d63eabb868c177254ad69cb38c DependenciesID=056628ff52856f35885e9d72eaad8d40 StaticDependenciesID=af4b3f2c0b3a3fb8512fe985b05e4e6e 
Number of updated asset objects reloaded before import = 0
Number of asset objects unloaded after import = 0
========================================================================
Received Import Request.
  Time of request: 2026-09-10T11:09:00.3400607Z
  Time since last request: 0.0004304 seconds.
  importAddress: GUID: 525a6cca8dd9a4d28875a8fe824710d9 - Path: Packages/com.unity.multiplayer.center/Editor/MultiplayerCenterWindow/UI/Icons/d_Package.png - Importer: ScriptedImporter/UnityEditor.QuickSearchModule:UnityEditor.Search:ASIAI0B
Importing 'GUID: 525a6cca8dd9a4d28875a8fe824710d9 - Path: Packages/com.unity.multiplayer.center/Editor/MultiplayerCenterWindow/UI/Icons/d_Package.png - Importer: ScriptedImporter/UnityEditor.QuickSearchModule:UnityEditor.Search:ASIAI0B' with importer (ScriptedImporter : UnityEditor.QuickSearchModule:UnityEditor.Search:ASIAI0B)
Imported 'GUID: 525a6cca8dd9a4d28875a8fe824710d9' -> (Import Result ID: '52ed3f3bb9bffdccbc744feb8706299e') in 0.042 seconds [static and dynamic dependencies]. Details - ImportResultOutputID=023cf8df592f368de861b9fada9e591b DependenciesID=897d635fd5054625c92b2367ae2be3f3 StaticDependenciesID=5416d9e8c5a79c4b56b91b3e674d8e70 
Number of updated asset objects reloaded before import = 0
Number of asset objects unloaded after import = 1
========================================================================
Received Import Request.
  Time of request: 2026-09-10T11:09:00.3827295Z
  Time since last request: 0.0003943 seconds.
  importAddress: GUID: ca560c7d2a0d4453a50ec4f704ce9ce1 - Path: Packages/com.unity.multiplayer.center/Tests/Editor/UtilsForRecommendationTests.cs - Importer: ScriptedImporter/UnityEditor.QuickSearchModule:UnityEditor.Search:ASIAI0B
Importing 'GUID: ca560c7d2a0d4453a50ec4f704ce9ce1 - Path: Packages/com.unity.multiplayer.center/Tests/Editor/UtilsForRecommendationTests.cs - Importer: ScriptedImporter/UnityEditor.QuickSearchModule:UnityEditor.Search:ASIAI0B' with importer (ScriptedImporter : UnityEditor.QuickSearchModule:UnityEditor.Search:ASIAI0B)
Imported 'GUID: ca560c7d2a0d4453a50ec4f704ce9ce1' -> (Import Result ID: 'cabe4ed16c39df416382c7bcfc05ed85') in 0.003 seconds [static and dynamic dependencies]. Details - ImportResultOutputID=a4717e5b3b1003667b8d394faf38dd4f DependenciesID=6acabeacb907df50eb9a060c587465f4 StaticDependenciesID=e4f2ccba2207b69255a053f0202c5752 
Number of updated asset objects reloaded before import = 0
Number of asset objects unloaded after import = 0
========================================================================
Received Import Request.
  Time of request: 2026-09-10T11:09:00.3859331Z
  Time since last request: 0.0002693 seconds.
  importAddress: GUID: 29cbd1c6a8c9419aac357b8d4edbdc84 - Path: Packages/com.unity.multiplayer.center/Tests/Editor/QuickstartTabTests.cs - Importer: ScriptedImporter/UnityEditor.QuickSearchModule:UnityEditor.Search:ASIAI0B
Importing 'GUID: 29cbd1c6a8c9419aac357b8d4edbdc84 - Path: Packages/com.unity.multiplayer.center/Tests/Editor/QuickstartTabTests.cs - Importer: ScriptedImporter/UnityEditor.QuickSearchModule:UnityEditor.Search:ASIAI0B' with importer (ScriptedImporter : UnityEditor.QuickSearchModule:UnityEditor.Search:ASIAI0B)
Imported 'GUID: 29cbd1c6a8c9419aac357b8d4edbdc84' -> (Import Result ID: '2e84a91b45fa9c34196f3fe2ae826a33') in 0.002 seconds [static and dynamic dependencies]. Details - ImportResultOutputID=bdfca6bf5634eb14bdd21af9721ace2d DependenciesID=a2f5404025c493a564b608101b6badf0 StaticDependenciesID=060226aabb1b95db40d469f3b0a455c0 
Number of updated asset objects reloaded before import = 0
Number of asset objects unloaded after import = 0
========================================================================
Received Import Request.
  Time of request: 2026-09-10T11:09:00.3885683Z
  Time since last request: 0.000276 seconds.
  importAddress: GUID: 3595bcaa1af84e6d92e07f0258a4256c - Path: Packages/com.unity.multiplayer.center/Editor/Questionnaire/PresetData.cs - Importer: ScriptedImporter/UnityEditor.QuickSearchModule:UnityEditor.Search:ASIAI0B
Importing 'GUID: 3595bcaa1af84e6d92e07f0258a4256c - Path: Packages/com.unity.multiplayer.center/Editor/Questionnaire/PresetData.cs - Importer: ScriptedImporter/UnityEditor.QuickSearchModule:UnityEditor.Search:ASIAI0B' with importer (ScriptedImporter : UnityEditor.QuickSearchModule:UnityEditor.Search:ASIAI0B)
Imported 'GUID: 3595bcaa1af84e6d92e07f0258a4256c' -> (Import Result ID: '5f8378a2acfe72bfbd5a4cc95c4d9195') in 0.003 seconds [static and dynamic dependencies]. Details - ImportResultOutputID=fab34cbd30cb40daedc7f67c34f5851c DependenciesID=75cfad5770a41261c98b8ec0b5be0393 StaticDependenciesID=e71e4c4cf145ef263e2c8be2f187723e 
Number of updated asset objects reloaded before import = 0
Number of asset objects unloaded after import = 0
========================================================================
Received Import Request.
  Time of request: 2026-09-10T11:09:00.3920438Z
  Time since last request: 0.0003321 seconds.
  importAddress: GUID: dab91f148d99946e7b3c3a87ecf4b973 - Path: Packages/com.unity.multiplayer.center/Editor/MultiplayerCenterWindow/UI/Icons/d_Loading.png - Importer: ScriptedImporter/UnityEditor.QuickSearchModule:UnityEditor.Search:ASIAI0B
Importing 'GUID: dab91f148d99946e7b3c3a87ecf4b973 - Path: Packages/com.unity.multiplayer.center/Editor/MultiplayerCenterWindow/UI/Icons/d_Loading.png - Importer: ScriptedImporter/UnityEditor.QuickSearchModule:UnityEditor.Search:ASIAI0B' with importer (ScriptedImporter : UnityEditor.QuickSearchModule:UnityEditor.Search:ASIAI0B)
Imported 'GUID: dab91f148d99946e7b3c3a87ecf4b973' -> (Import Result ID: '727d8ac374d501419a84b25e5a05186c') in 0.007 seconds [static and dynamic dependencies]. Details - ImportResultOutputID=8f950970cbaf90cf45c864aed7bd754b DependenciesID=2d0040cd99bbc0ff7936ca08969125fd StaticDependenciesID=b84a22c4832dacdd71eed3dfb7c871ec 
Number of updated asset objects reloaded before import = 0
Number of asset objects unloaded after import = 1
========================================================================
Received Import Request.
  Time of request: 2026-09-10T11:09:00.3997172Z
  Time since last request: 0.0003973 seconds.
  importAddress: GUID: cfc5ccd4416341629caf73dd3e318aac - Path: Packages/com.unity.multiplayer.center/Tests/Editor/UtilsForMultiplayerCenterTests.cs - Importer: ScriptedImporter/UnityEditor.QuickSearchModule:UnityEditor.Search:ASIAI0B
Importing 'GUID: cfc5ccd4416341629caf73dd3e318aac - Path: Packages/com.unity.multiplayer.center/Tests/Editor/UtilsForMultiplayerCenterTests.cs - Importer: ScriptedImporter/UnityEditor.QuickSearchModule:UnityEditor.Search:ASIAI0B' with importer (ScriptedImporter : UnityEditor.QuickSearchModule:UnityEditor.Search:ASIAI0B)
Imported 'GUID: cfc5ccd4416341629caf73dd3e318aac' -> (Import Result ID: '43d5450ff66b8e4987df3a219eee0bb4') in 0.003 seconds [static and dynamic dependencies]. Details - ImportResultOutputID=618028d92f09b24393212d1e0966671d DependenciesID=3f7605b6412b86d01d59735ba6505d03 StaticDependenciesID=dac61df37a439b648e59adc00f7cdbb5 
Number of updated asset objects reloaded before import = 0
Number of asset objects unloaded after import = 0
========================================================================
Received Import Request.
  Time of request: 2026-09-10T11:09:00.403545Z
  Time since last request: 0.0003363 seconds.
  importAddress: GUID: 1c3db2c484234a94a19c3acdc2539575 - Path: Packages/com.unity.multiplayer.center/Editor/MultiplayerCenterWindow/UI/StyleClasses.cs - Importer: ScriptedImporter/UnityEditor.QuickSearchModule:UnityEditor.Search:ASIAI0B
Importing 'GUID: 1c3db2c484234a94a19c3acdc2539575 - Path: Packages/com.unity.multiplayer.center/Editor/MultiplayerCenterWindow/UI/StyleClasses.cs - Importer: ScriptedImporter/UnityEditor.QuickSearchModule:UnityEditor.Search:ASIAI0B' with importer (ScriptedImporter : UnityEditor.QuickSearchModule:UnityEditor.Search:ASIAI0B)
Imported 'GUID: 1c3db2c484234a94a19c3acdc2539575' -> (Import Result ID: '069caca3f95575ae817baf76686b3f9b') in 0.003 seconds [static and dynamic dependencies]. Details - ImportResultOutputID=812714965e441efae58a5965567d850c DependenciesID=1e66f830b0c6a95c256469ca2a58de05 StaticDependenciesID=d49dca268ef0570a53ce51e89d356846 
Number of updated asset objects reloaded before import = 0
Number of asset objects unloaded after import = 0
========================================================================
Received Import Request.
  Time of request: 2026-09-10T11:09:00.4074951Z
  Time since last request: 0.0003646 seconds.
  importAddress: GUID: ad1d29f4654194951a3c8bf507914d05 - Path: Packages/com.unity.multiplayer.center/Editor/MultiplayerCenterWindow/UI/Icons/CloudCode.png - Importer: ScriptedImporter/UnityEditor.QuickSearchModule:UnityEditor.Search:ASIAI0B
Importing 'GUID: ad1d29f4654194951a3c8bf507914d05 - Path: Packages/com.unity.multiplayer.center/Editor/MultiplayerCenterWindow/UI/Icons/CloudCode.png - Importer: ScriptedImporter/UnityEditor.QuickSearchModule:UnityEditor.Search:ASIAI0B' with importer (ScriptedImporter : UnityEditor.QuickSearchModule:UnityEditor.Search:ASIAI0B)
Imported 'GUID: ad1d29f4654194951a3c8bf507914d05' -> (Import Result ID: '0f7d301392dfdb5cbe92c3115de919a7') in 0.005 seconds [static and dynamic dependencies]. Details - ImportResultOutputID=14483485cd29206ef840b2eedba4920b DependenciesID=62c451b92f1f10ea0bd9be2261a33cb7 StaticDependenciesID=ae7c9fcbc9de3a7d130f2b0db04bab73 
Number of updated asset objects reloaded before import = 0
Number of asset objects unloaded after import = 1
========================================================================
Received Import Request.
  Time of request: 2026-09-10T11:09:00.4129312Z
  Time since last request: 0.0002972 seconds.
  importAddress: GUID: f1ac2efb1bcd4dfd95dc196ed3c11367 - Path: Packages/com.unity.multiplayer.center/Editor/MultiplayerCenterWindow/UI/light.uss - Importer: ScriptedImporter/UnityEditor.QuickSearchModule:UnityEditor.Search:ASIAI0B
Importing 'GUID: f1ac2efb1bcd4dfd95dc196ed3c11367 - Path: Packages/com.unity.multiplayer.center/Editor/MultiplayerCenterWindow/UI/light.uss - Importer: ScriptedImporter/UnityEditor.QuickSearchModule:UnityEditor.Search:ASIAI0B' with importer (ScriptedImporter : UnityEditor.QuickSearchModule:UnityEditor.Search:ASIAI0B)
Imported 'GUID: f1ac2efb1bcd4dfd95dc196ed3c11367' -> (Import Result ID: '60840054100b8747870e677d0a92d19e') in 0.023 seconds [static and dynamic dependencies]. Details - ImportResultOutputID=d2d5be6c44be37c3eda45be84ba29d71 DependenciesID=32bcff93f60bf8945d313214568afa5a StaticDependenciesID=806bc33f314561b6300cbfa7d015196d 
Number of updated asset objects reloaded before import = 0
Number of asset objects unloaded after import = 9
========================================================================
Received Import Request.
  Time of request: 2026-09-10T11:09:00.4370422Z
  Time since last request: 0.0001584 seconds.
  importAddress: GUID: d7711b0cc806d430b8a95f1e33ec3649 - Path: Packages/com.unity.multiplayer.center/Editor/MultiplayerCenterWindow/UI/Icons/CustomNetcode@2x.png - Importer: ScriptedImporter/UnityEditor.QuickSearchModule:UnityEditor.Search:ASIAI0B
Importing 'GUID: d7711b0cc806d430b8a95f1e33ec3649 - Path: Packages/com.unity.multiplayer.center/Editor/MultiplayerCenterWindow/UI/Icons/CustomNetcode@2x.png - Importer: ScriptedImporter/UnityEditor.QuickSearchModule:UnityEditor.Search:ASIAI0B' with importer (ScriptedImporter : UnityEditor.QuickSearchModule:UnityEditor.Search:ASIAI0B)
Imported 'GUID: d7711b0cc806d430b8a95f1e33ec3649' -> (Import Result ID: 'a444c70f3094be9f8444ef12ed94548a') in 0.009 seconds [static and dynamic dependencies]. Details - ImportResultOutputID=22b6ad745455e33f9570257f7aae73e8 DependenciesID=b209ec864ebb2467cf38a2220d9b252b StaticDependenciesID=0b8c1015639ea8980a270defd400fd4e 
Number of updated asset objects reloaded before import = 0
Number of asset objects unloaded after import = 1
========================================================================
Received Import Request.
  Time of request: 2026-09-10T11:09:00.4466746Z
  Time since last request: 0.0002811 seconds.
  importAddress: GUID: 7ca5cd79ef39442e599efb761abcbaac - Path: Packages/com.unity.multiplayer.center/Editor/Questionnaire/QuestionnaireData.cs - Importer: ScriptedImporter/UnityEditor.QuickSearchModule:UnityEditor.Search:ASIAI0B
Importing 'GUID: 7ca5cd79ef39442e599efb761abcbaac - Path: Packages/com.unity.multiplayer.center/Editor/Questionnaire/QuestionnaireData.cs - Importer: ScriptedImporter/UnityEditor.QuickSearchModule:UnityEditor.Search:ASIAI0B' with importer (ScriptedImporter : UnityEditor.QuickSearchModule:UnityEditor.Search:ASIAI0B)
Imported 'GUID: 7ca5cd79ef39442e599efb761abcbaac' -> (Import Result ID: 'badb5341fd7bd9d7f7d8d444eaf05497') in 0.003 seconds [static and dynamic dependencies]. Details - ImportResultOutputID=329ccafd52e93be169aed7956dd38ff8 DependenciesID=a3c397b4693f1bfe88de437d0f10c0d8 StaticDependenciesID=22fa696a30b9c7a1bd9c0dd16f55e102 
Number of updated asset objects reloaded before import = 0
Number of asset objects unloaded after import = 0
========================================================================
Received Import Request.
  Time of request: 2026-09-10T11:09:00.449957Z
  Time since last request: 0.0003823 seconds.
  importAddress: GUID: 787ec048daec145b580d1134da5dd278 - Path: Packages/com.unity.multiplayer.center/Tests/Editor/Unity.Multiplayer.Center.Editor.Tests.asmdef - Importer: ScriptedImporter/UnityEditor.QuickSearchModule:UnityEditor.Search:ASIAI0B
Importing 'GUID: 787ec048daec145b580d1134da5dd278 - Path: Packages/com.unity.multiplayer.center/Tests/Editor/Unity.Multiplayer.Center.Editor.Tests.asmdef - Importer: ScriptedImporter/UnityEditor.QuickSearchModule:UnityEditor.Search:ASIAI0B' with importer (ScriptedImporter : UnityEditor.QuickSearchModule:UnityEditor.Search:ASIAI0B)
Imported 'GUID: 787ec048daec145b580d1134da5dd278' -> (Import Result ID: '2105bf0a0cb7975d36fb8f18e0a668a8') in 0.003 seconds [static and dynamic dependencies]. Details - ImportResultOutputID=ffe342f18bc8076a9a1a6867307203b9 DependenciesID=b24c2b5a49b5010ccb7df5f0a499e575 StaticDependenciesID=25314c36d743a9beda94775f785469ad 
Number of updated asset objects reloaded before import = 0
Number of asset objects unloaded after import = 1
========================================================================
Received Import Request.
  Time of request: 2026-09-10T11:09:00.4539834Z
  Time since last request: 0.0003729 seconds.
  importAddress: GUID: c2c1cf24bea5410ea530b2c8a875b293 - Path: Packages/com.unity.multiplayer.center/Tests/Editor/AnalyticsUtilsTests.cs - Importer: ScriptedImporter/UnityEditor.QuickSearchModule:UnityEditor.Search:ASIAI0B
Importing 'GUID: c2c1cf24bea5410ea530b2c8a875b293 - Path: Packages/com.unity.multiplayer.center/Tests/Editor/AnalyticsUtilsTests.cs - Importer: ScriptedImporter/UnityEditor.QuickSearchModule:UnityEditor.Search:ASIAI0B' with importer (ScriptedImporter : UnityEditor.QuickSearchModule:UnityEditor.Search:ASIAI0B)
Imported 'GUID: c2c1cf24bea5410ea530b2c8a875b293' -> (Import Result ID: '676fb8b84b87dfed639400a0bf3b5e5c') in 0.003 seconds [static and dynamic dependencies]. Details - ImportResultOutputID=50a23d5cf7d033ffdded88cc00241fec DependenciesID=caa37d15364da4f5a4051360d99747ee StaticDependenciesID=445335c174321691166478aa12c74272 
Number of updated asset objects reloaded before import = 0
Number of asset objects unloaded after import = 0
========================================================================
Received Import Request.
  Time of request: 2026-09-10T11:09:00.4578084Z
  Time since last request: 0.0002642 seconds.
  importAddress: GUID: 0d9328c739784454ad03d404f395a0ab - Path: Packages/com.unity.multiplayer.center/Editor/MultiplayerCenterWindow/UI/ViewUtils.cs - Importer: ScriptedImporter/UnityEditor.QuickSearchModule:UnityEditor.Search:ASIAI0B
Importing 'GUID: 0d9328c739784454ad03d404f395a0ab - Path: Packages/com.unity.multiplayer.center/Editor/MultiplayerCenterWindow/UI/ViewUtils.cs - Importer: ScriptedImporter/UnityEditor.QuickSearchModule:UnityEditor.Search:ASIAI0B' with importer (ScriptedImporter : UnityEditor.QuickSearchModule:UnityEditor.Search:ASIAI0B)
Imported 'GUID: 0d9328c739784454ad03d404f395a0ab' -> (Import Result ID: '58b607f4050d1048682278823df660b6') in 0.003 seconds [static and dynamic dependencies]. Details - ImportResultOutputID=f7e929e4075ba58face513437dc1ee46 DependenciesID=8a40d6cb17c552b6e35a6a3afd713781 StaticDependenciesID=5521d5118a6d6a726b18b4ae801a5723 
Number of updated asset objects reloaded before import = 0
Number of asset objects unloaded after import = 0
========================================================================
Received Import Request.
  Time of request: 2026-09-10T11:09:00.4608232Z
  Time since last request: 0.000265 seconds.
  importAddress: GUID: 36b51591e13f48b5bed734724d149fb4 - Path: Packages/com.unity.multiplayer.center/Tests/Editor/RecommendationAnalyticsTests.cs - Importer: ScriptedImporter/UnityEditor.QuickSearchModule:UnityEditor.Search:ASIAI0B
Importing 'GUID: 36b51591e13f48b5bed734724d149fb4 - Path: Packages/com.unity.multiplayer.center/Tests/Editor/RecommendationAnalyticsTests.cs - Importer: ScriptedImporter/UnityEditor.QuickSearchModule:UnityEditor.Search:ASIAI0B' with importer (ScriptedImporter : UnityEditor.QuickSearchModule:UnityEditor.Search:ASIAI0B)
Imported 'GUID: 36b51591e13f48b5bed734724d149fb4' -> (Import Result ID: 'bb84b59d2724bdb3f4c7dc531b6d4f90') in 0.003 seconds [static and dynamic dependencies]. Details - ImportResultOutputID=2ba40e92c69716166faf45c722cafaf5 DependenciesID=678ed06bcc263199f27283429a9fc6fe StaticDependenciesID=756beac7a427fca221b2666288d6f984 
Number of updated asset objects reloaded before import = 0
Number of asset objects unloaded after import = 0
========================================================================
Received Import Request.
  Time of request: 2026-09-10T11:09:00.4643007Z
  Time since last request: 0.0002559 seconds.
  importAddress: GUID: 8110dd6ddbc04e58b50978562ce0c00a - Path: Packages/com.unity.multiplayer.center/Tests/Editor/ExpectedPresetRecommendations.cs - Importer: ScriptedImporter/UnityEditor.QuickSearchModule:UnityEditor.Search:ASIAI0B
Importing 'GUID: 8110dd6ddbc04e58b50978562ce0c00a - Path: Packages/com.unity.multiplayer.center/Tests/Editor/ExpectedPresetRecommendations.cs - Importer: ScriptedImporter/UnityEditor.QuickSearchModule:UnityEditor.Search:ASIAI0B' with importer (ScriptedImporter : UnityEditor.QuickSearchModule:UnityEditor.Search:ASIAI0B)
Imported 'GUID: 8110dd6ddbc04e58b50978562ce0c00a' -> (Import Result ID: '9dad708043738a02b073d8f87aa7a61c') in 0.002 seconds [static and dynamic dependencies]. Details - ImportResultOutputID=31deebef12de4d4c35db86805b40f6c9 DependenciesID=e8a6a8bbc6d64c88f26578a6bf55dcf0 StaticDependenciesID=1b138c7ee3c8c02c1eac148786fee248 
Number of updated asset objects reloaded before import = 0
Number of asset objects unloaded after import = 0
========================================================================
Received Import Request.
  Time of request: 2026-09-10T11:09:00.4669511Z
  Time since last request: 0.0003354 seconds.
  importAddress: GUID: 1b4c88814ec6241eb8e327515399c006 - Path: Packages/com.unity.multiplayer.center/Editor/MultiplayerCenterWindow/UI/Icons/d_PackageManager.png - Importer: ScriptedImporter/UnityEditor.QuickSearchModule:UnityEditor.Search:ASIAI0B
Importing 'GUID: 1b4c88814ec6241eb8e327515399c006 - Path: Packages/com.unity.multiplayer.center/Editor/MultiplayerCenterWindow/UI/Icons/d_PackageManager.png - Importer: ScriptedImporter/UnityEditor.QuickSearchModule:UnityEditor.Search:ASIAI0B' with importer (ScriptedImporter : UnityEditor.QuickSearchModule:UnityEditor.Search:ASIAI0B)
Imported 'GUID: 1b4c88814ec6241eb8e327515399c006' -> (Import Result ID: '7855df0193c0ec46c7789e156834abb2') in 0.005 seconds [static and dynamic dependencies]. Details - ImportResultOutputID=8ed88205d3f9b146356fe35d69b5ced4 DependenciesID=ead63c8dd94e5a853fd7e4a17cd544bc StaticDependenciesID=9b396abe1c6c924b8ea5b283d190410c 
Number of updated asset objects reloaded before import = 0
Number of asset objects unloaded after import = 1
========================================================================
Received Import Request.
  Time of request: 2026-09-10T11:09:00.472562Z
  Time since last request: 0.0002853 seconds.
  importAddress: GUID: 6cfa81557736450abfb73264580451c1 - Path: Packages/com.unity.multiplayer.center/Tests/Editor/SectionHeaderTests.cs - Importer: ScriptedImporter/UnityEditor.QuickSearchModule:UnityEditor.Search:ASIAI0B
Importing 'GUID: 6cfa81557736450abfb73264580451c1 - Path: Packages/com.unity.multiplayer.center/Tests/Editor/SectionHeaderTests.cs - Importer: ScriptedImporter/UnityEditor.QuickSearchModule:UnityEditor.Search:ASIAI0B' with importer (ScriptedImporter : UnityEditor.QuickSearchModule:UnityEditor.Search:ASIAI0B)
Imported 'GUID: 6cfa81557736450abfb73264580451c1' -> (Import Result ID: '183b5cac30d2c4af5c5e56f94573bc2d') in 0.004 seconds [static and dynamic dependencies]. Details - ImportResultOutputID=ec1eb9377205b705da2e50844cc27a17 DependenciesID=b0277ef50b57384ee4ac6d93b337e36c StaticDependenciesID=01806152f21939cd5ef603e79eb96f09 
Number of updated asset objects reloaded before import = 0
Number of asset objects unloaded after import = 0
========================================================================
Received Import Request.
  Time of request: 2026-09-10T11:09:00.4767433Z
  Time since last request: 0.0003083 seconds.
  importAddress: GUID: 52a77c59214a4cb5a43fc7b0e097d832 - Path: Packages/com.unity.multiplayer.center/Editor/Recommendations/RecommendationUtils.cs - Importer: ScriptedImporter/UnityEditor.QuickSearchModule:UnityEditor.Search:ASIAI0B
Importing 'GUID: 52a77c59214a4cb5a43fc7b0e097d832 - Path: Packages/com.unity.multiplayer.center/Editor/Recommendations/RecommendationUtils.cs - Importer: ScriptedImporter/UnityEditor.QuickSearchModule:UnityEditor.Search:ASIAI0B' with importer (ScriptedImporter : UnityEditor.QuickSearchModule:UnityEditor.Search:ASIAI0B)
Imported 'GUID: 52a77c59214a4cb5a43fc7b0e097d832' -> (Import Result ID: 'ae7719bafa2be3c36d15c74a2206c8c0') in 0.003 seconds [static and dynamic dependencies]. Details - ImportResultOutputID=c2fad098ed8b247546f8eaa31a2eeacb DependenciesID=acbcd6180c5d38574c7991523c330f63 StaticDependenciesID=d2546d9735df8b25c202e90b0731bf01 
Number of updated asset objects reloaded before import = 0
Number of asset objects unloaded after import = 0
========================================================================
Received Import Request.
  Time of request: 2026-09-10T11:09:00.4801472Z
  Time since last request: 0.0002871 seconds.
  importAddress: GUID: c3d3226643b94888b02e25de0a9de55f - Path: Packages/com.unity.multiplayer.center/Tests/Editor/UserVisibleTextTests.cs - Importer: ScriptedImporter/UnityEditor.QuickSearchModule:UnityEditor.Search:ASIAI0B
Importing 'GUID: c3d3226643b94888b02e25de0a9de55f - Path: Packages/com.unity.multiplayer.center/Tests/Editor/UserVisibleTextTests.cs - Importer: ScriptedImporter/UnityEditor.QuickSearchModule:UnityEditor.Search:ASIAI0B' with importer (ScriptedImporter : UnityEditor.QuickSearchModule:UnityEditor.Search:ASIAI0B)
Imported 'GUID: c3d3226643b94888b02e25de0a9de55f' -> (Import Result ID: 'd46586e0fc97127da093baf8535ca608') in 0.004 seconds [static and dynamic dependencies]. Details - ImportResultOutputID=18c1014cdf5fded35f6a5f1fd783abff DependenciesID=75721636b660d5b6881b952c9df2fbb8 StaticDependenciesID=d7da8d4842cb39b88ea2ac0bada9e21f 
Number of updated asset objects reloaded before import = 0
Number of asset objects unloaded after import = 0
========================================================================
Received Import Request.
  Time of request: 2026-09-10T11:09:00.4842972Z
  Time since last request: 0.0004269 seconds.
  importAddress: GUID: a1c995459c0d418c88dd274e04840c5d - Path: Packages/com.unity.multiplayer.center/Editor/Recommendations/RecommenderSystem.cs - Importer: ScriptedImporter/UnityEditor.QuickSearchModule:UnityEditor.Search:ASIAI0B
Importing 'GUID: a1c995459c0d418c88dd274e04840c5d - Path: Packages/com.unity.multiplayer.center/Editor/Recommendations/RecommenderSystem.cs - Importer: ScriptedImporter/UnityEditor.QuickSearchModule:UnityEditor.Search:ASIAI0B' with importer (ScriptedImporter : UnityEditor.QuickSearchModule:UnityEditor.Search:ASIAI0B)
Imported 'GUID: a1c995459c0d418c88dd274e04840c5d' -> (Import Result ID: 'bdd46ade2f7a80bd7db5d7c0eb393942') in 0.004 seconds [static and dynamic dependencies]. Details - ImportResultOutputID=e6f92cbcaf73c81e2311db6a6179b917 DependenciesID=93bed4561f160741a4ba82c90b878721 StaticDependenciesID=b5ef067d75e93811e6ea941a1b3ce461 
Number of updated asset objects reloaded before import = 0
Number of asset objects unloaded after import = 0
========================================================================
Received Import Request.
  Time of request: 2026-09-10T11:09:00.4893119Z
  Time since last request: 0.0003884 seconds.
  importAddress: GUID: e4439b4b4bb24a5eb61c59c5a67aa5a0 - Path: Packages/com.unity.multiplayer.center/Editor/MultiplayerCenterWindow/UI/QuestionViewFactory.cs - Importer: ScriptedImporter/UnityEditor.QuickSearchModule:UnityEditor.Search:ASIAI0B
Importing 'GUID: e4439b4b4bb24a5eb61c59c5a67aa5a0 - Path: Packages/com.unity.multiplayer.center/Editor/MultiplayerCenterWindow/UI/QuestionViewFactory.cs - Importer: ScriptedImporter/UnityEditor.QuickSearchModule:UnityEditor.Search:ASIAI0B' with importer (ScriptedImporter : UnityEditor.QuickSearchModule:UnityEditor.Search:ASIAI0B)
Imported 'GUID: e4439b4b4bb24a5eb61c59c5a67aa5a0' -> (Import Result ID: '0049816c332906709770b965104455d4') in 0.006 seconds [static and dynamic dependencies]. Details - ImportResultOutputID=4c2e0657657793dcdc4e726a1a232188 DependenciesID=a47c1e6227d10336b727da1c250fb09c StaticDependenciesID=2f7a3fe5059dbafe349746b2832934ef 
Number of updated asset objects reloaded before import = 0
Number of asset objects unloaded after import = 0
========================================================================
Received Import Request.
  Time of request: 2026-09-10T11:09:00.4960574Z
  Time since last request: 0.000351 seconds.
  importAddress: GUID: 38b78df4a34c94fa6a52c90239606ff1 - Path: Packages/com.unity.multiplayer.center/Editor/MultiplayerCenterWindow/UI/Icons/DedicatedServer@2x.png - Importer: ScriptedImporter/UnityEditor.QuickSearchModule:UnityEditor.Search:ASIAI0B
Importing 'GUID: 38b78df4a34c94fa6a52c90239606ff1 - Path: Packages/com.unity.multiplayer.center/Editor/MultiplayerCenterWindow/UI/Icons/DedicatedServer@2x.png - Importer: ScriptedImporter/UnityEditor.QuickSearchModule:UnityEditor.Search:ASIAI0B' with importer (ScriptedImporter : UnityEditor.QuickSearchModule:UnityEditor.Search:ASIAI0B)
Imported 'GUID: 38b78df4a34c94fa6a52c90239606ff1' -> (Import Result ID: 'f56a50dd36d8893615fe61c539c46cf7') in 0.007 seconds [static and dynamic dependencies]. Details - ImportResultOutputID=96863ad1b9d374bc372d99887167cb9a DependenciesID=53edcb8dc44447f82173ea783995fc01 StaticDependenciesID=e345b03449aad8d6c621b448430e0547 
Number of updated asset objects reloaded before import = 0
Number of asset objects unloaded after import = 1
========================================================================
Received Import Request.
  Time of request: 2026-09-10T11:09:00.5031931Z
  Time since last request: 0.0004175 seconds.
  importAddress: GUID: 0ddc3b8a12c84454b04e4d6bdd88241c - Path: Packages/com.unity.multiplayer.center/Editor/Recommendations/RecommendationViewData.cs - Importer: ScriptedImporter/UnityEditor.QuickSearchModule:UnityEditor.Search:ASIAI0B
Importing 'GUID: 0ddc3b8a12c84454b04e4d6bdd88241c - Path: Packages/com.unity.multiplayer.center/Editor/Recommendations/RecommendationViewData.cs - Importer: ScriptedImporter/UnityEditor.QuickSearchModule:UnityEditor.Search:ASIAI0B' with importer (ScriptedImporter : UnityEditor.QuickSearchModule:UnityEditor.Search:ASIAI0B)
Imported 'GUID: 0ddc3b8a12c84454b04e4d6bdd88241c' -> (Import Result ID: 'f54279b967f3d2ea78cdb7a6414c036a') in 0.003 seconds [static and dynamic dependencies]. Details - ImportResultOutputID=3357e82444f22aa32ce146bfc2531614 DependenciesID=313bcdd783916e37ccb2c610166661ba StaticDependenciesID=7b088d5abd726ff122ba338f0ecf76c6 
Number of updated asset objects reloaded before import = 0
Number of asset objects unloaded after import = 0
========================================================================
Received Import Request.
  Time of request: 2026-09-10T11:09:00.50638Z
  Time since last request: 0.000294 seconds.
  importAddress: GUID: a23c0dd570fd44b57a03a8880002fcca - Path: Packages/com.unity.multiplayer.center/Editor/MultiplayerCenterWindow/UI/Icons/CloudCode@2x.png - Importer: ScriptedImporter/UnityEditor.QuickSearchModule:UnityEditor.Search:ASIAI0B
Importing 'GUID: a23c0dd570fd44b57a03a8880002fcca - Path: Packages/com.unity.multiplayer.center/Editor/MultiplayerCenterWindow/UI/Icons/CloudCode@2x.png - Importer: ScriptedImporter/UnityEditor.QuickSearchModule:UnityEditor.Search:ASIAI0B' with importer (ScriptedImporter : UnityEditor.QuickSearchModule:UnityEditor.Search:ASIAI0B)
Imported 'GUID: a23c0dd570fd44b57a03a8880002fcca' -> (Import Result ID: '8d923f6edd346e8011c1b93364fd06f7') in 0.006 seconds [static and dynamic dependencies]. Details - ImportResultOutputID=8c194a113f3cd8ac01181c5df16431a2 DependenciesID=dbde7e4ad26c7df8df2f591a1d8a021b StaticDependenciesID=b139e8801b2aabf75698ede1d84d4f04 
Number of updated asset objects reloaded before import = 0
Number of asset objects unloaded after import = 1
========================================================================
Received Import Request.
  Time of request: 2026-09-10T11:09:00.5127438Z
  Time since last request: 0.0002608 seconds.
  importAddress: GUID: 741761e72e6f24446bd8ba03ea3d0261 - Path: Packages/com.unity.multiplayer.center/Editor/MultiplayerCenterWindow/UI/Icons/d_Questionnaire.png - Importer: ScriptedImporter/UnityEditor.QuickSearchModule:UnityEditor.Search:ASIAI0B
Importing 'GUID: 741761e72e6f24446bd8ba03ea3d0261 - Path: Packages/com.unity.multiplayer.center/Editor/MultiplayerCenterWindow/UI/Icons/d_Questionnaire.png - Importer: ScriptedImporter/UnityEditor.QuickSearchModule:UnityEditor.Search:ASIAI0B' with importer (ScriptedImporter : UnityEditor.QuickSearchModule:UnityEditor.Search:ASIAI0B)
Imported 'GUID: 741761e72e6f24446bd8ba03ea3d0261' -> (Import Result ID: '1219eca034b2aeed92ebecef9664b9ac') in 0.006 seconds [static and dynamic dependencies]. Details - ImportResultOutputID=13558c99098b0539ebf3a701c8ca4a28 DependenciesID=c2a7a35e841e13ab55698b80b76987b0 StaticDependenciesID=7496da4d9c7aaddd5068213417030dea 
Number of updated asset objects reloaded before import = 0
Number of asset objects unloaded after import = 1
========================================================================
Received Import Request.
  Time of request: 2026-09-10T11:09:00.5189243Z
  Time since last request: 0.0002591 seconds.
  importAddress: GUID: d63245ece6d8f476c8c7ca24da9937f6 - Path: Packages/com.unity.multiplayer.center/Editor/MultiplayerCenterWindow/UI/Icons/DistributedAuthority.png - Importer: ScriptedImporter/UnityEditor.QuickSearchModule:UnityEditor.Search:ASIAI0B
Importing 'GUID: d63245ece6d8f476c8c7ca24da9937f6 - Path: Packages/com.unity.multiplayer.center/Editor/MultiplayerCenterWindow/UI/Icons/DistributedAuthority.png - Importer: ScriptedImporter/UnityEditor.QuickSearchModule:UnityEditor.Search:ASIAI0B' with importer (ScriptedImporter : UnityEditor.QuickSearchModule:UnityEditor.Search:ASIAI0B)
Imported 'GUID: d63245ece6d8f476c8c7ca24da9937f6' -> (Import Result ID: '85956a4a9b266c19651c863c56f07cb7') in 0.007 seconds [static and dynamic dependencies]. Details - ImportResultOutputID=94cd7261d25769aa2d8b32ed2b892ec8 DependenciesID=3f3c4092d366be939fe3a8d7b4d706fc StaticDependenciesID=a05c2966478590c6f77c914aac02a816 
Number of updated asset objects reloaded before import = 0
Number of asset objects unloaded after import = 1
========================================================================
Received Import Request.
  Time of request: 2026-09-10T11:09:00.5267686Z
  Time since last request: 0.0002827 seconds.
  importAddress: GUID: 3fe892784421e47f5aa40c2784a6cb3e - Path: Packages/com.unity.multiplayer.center/Editor/MultiplayerCenterWindow/UI/Icons/DedicatedServer.png - Importer: ScriptedImporter/UnityEditor.QuickSearchModule:UnityEditor.Search:ASIAI0B
Importing 'GUID: 3fe892784421e47f5aa40c2784a6cb3e - Path: Packages/com.unity.multiplayer.center/Editor/MultiplayerCenterWindow/UI/Icons/DedicatedServer.png - Importer: ScriptedImporter/UnityEditor.QuickSearchModule:UnityEditor.Search:ASIAI0B' with importer (ScriptedImporter : UnityEditor.QuickSearchModule:UnityEditor.Search:ASIAI0B)
Imported 'GUID: 3fe892784421e47f5aa40c2784a6cb3e' -> (Import Result ID: '339d2991862ab70b3c217e6735586a70') in 0.006 seconds [static and dynamic dependencies]. Details - ImportResultOutputID=e951f9b8a250cbac2c4a648523019706 DependenciesID=6a5c71b537e32e73aa1a7295dfe124bf StaticDependenciesID=beb965ad0e3181c0ebeb585077913708 
Number of updated asset objects reloaded before import = 0
Number of asset objects unloaded after import = 1
========================================================================
Received Import Request.
  Time of request: 2026-09-10T11:09:00.5330394Z
  Time since last request: 0.0003955 seconds.
  importAddress: GUID: 29395f0639574c1fbc8b729aa257fb84 - Path: Packages/com.unity.multiplayer.center/Editor/MultiplayerCenterWindow/UI/Icons/d_Check.png - Importer: ScriptedImporter/UnityEditor.QuickSearchModule:UnityEditor.Search:ASIAI0B
Importing 'GUID: 29395f0639574c1fbc8b729aa257fb84 - Path: Packages/com.unity.multiplayer.center/Editor/MultiplayerCenterWindow/UI/Icons/d_Check.png - Importer: ScriptedImporter/UnityEditor.QuickSearchModule:UnityEditor.Search:ASIAI0B' with importer (ScriptedImporter : UnityEditor.QuickSearchModule:UnityEditor.Search:ASIAI0B)
Imported 'GUID: 29395f0639574c1fbc8b729aa257fb84' -> (Import Result ID: '9a7a9bbd8dad164bccd0460130247b14') in 0.007 seconds [static and dynamic dependencies]. Details - ImportResultOutputID=5d906c7e39ba3316434cfe69af994165 DependenciesID=5f8dad0fa84208ea45f7840cf17974fb StaticDependenciesID=1529c9cff821bc3881954648edb8e07a 
Number of updated asset objects reloaded before import = 0
Number of asset objects unloaded after import = 1
========================================================================
Received Import Request.
  Time of request: 2026-09-10T11:09:00.5402991Z
  Time since last request: 0.0004037 seconds.
  importAddress: GUID: a659150180ae3489ba41c71780ba3779 - Path: Packages/com.unity.multiplayer.center/Editor/Questionnaire/Questionnaire.questionnaire - Importer: ScriptedImporter/UnityEditor.QuickSearchModule:UnityEditor.Search:ASIAI0B
Importing 'GUID: a659150180ae3489ba41c71780ba3779 - Path: Packages/com.unity.multiplayer.center/Editor/Questionnaire/Questionnaire.questionnaire - Importer: ScriptedImporter/UnityEditor.QuickSearchModule:UnityEditor.Search:ASIAI0B' with importer (ScriptedImporter : UnityEditor.QuickSearchModule:UnityEditor.Search:ASIAI0B)
Imported 'GUID: a659150180ae3489ba41c71780ba3779' -> (Import Result ID: '01a81111b46ce98a68f6be87421f90b2') in 0.003 seconds [static and dynamic dependencies]. Details - ImportResultOutputID=453e5db1a4c70782f2a532c8faa58928 DependenciesID=bc178cc3ea220ae6fd79eb45392a1af7 StaticDependenciesID=ecc52ae83b814916bdfc33941f7b2bb3 
Number of updated asset objects reloaded before import = 0
Number of asset objects unloaded after import = 1
========================================================================
Received Import Request.
  Time of request: 2026-09-10T11:09:00.5437964Z
  Time since last request: 0.0003265 seconds.
  importAddress: GUID: b66d076cdcfe3b14388de66307a0e7ff - Path: Packages/com.unity.multiplayer.center/Editor/Recommendations/RecommendationData_6000.0.recommendations - Importer: ScriptedImporter/UnityEditor.QuickSearchModule:UnityEditor.Search:ASIAI0B
Importing 'GUID: b66d076cdcfe3b14388de66307a0e7ff - Path: Packages/com.unity.multiplayer.center/Editor/Recommendations/RecommendationData_6000.0.recommendations - Importer: ScriptedImporter/UnityEditor.QuickSearchModule:UnityEditor.Search:ASIAI0B' with importer (ScriptedImporter : UnityEditor.QuickSearchModule:UnityEditor.Search:ASIAI0B)
Imported 'GUID: b66d076cdcfe3b14388de66307a0e7ff' -> (Import Result ID: 'cba39951e903622350c7a6db38c6e2f5') in 0.003 seconds [static and dynamic dependencies]. Details - ImportResultOutputID=7157075afc062a14a43c87f4e696cf7a DependenciesID=970f3331e153c2be1026aef2de5184d3 StaticDependenciesID=58e80ad5e796ea3ceaa53f2c2ddf6228 
Number of updated asset objects reloaded before import = 0
Number of asset objects unloaded after import = 1
========================================================================
Received Import Request.
  Time of request: 2026-09-10T11:09:00.5468716Z
  Time since last request: 0.0003805 seconds.
  importAddress: GUID: c37c4c45cacc46edb43b8c32617b3e34 - Path: Packages/com.unity.multiplayer.center/Tests/Editor/UtilsForGettingStartedTabTests.cs - Importer: ScriptedImporter/UnityEditor.QuickSearchModule:UnityEditor.Search:ASIAI0B
Importing 'GUID: c37c4c45cacc46edb43b8c32617b3e34 - Path: Packages/com.unity.multiplayer.center/Tests/Editor/UtilsForGettingStartedTabTests.cs - Importer: ScriptedImporter/UnityEditor.QuickSearchModule:UnityEditor.Search:ASIAI0B' with importer (ScriptedImporter : UnityEditor.QuickSearchModule:UnityEditor.Search:ASIAI0B)
Imported 'GUID: c37c4c45cacc46edb43b8c32617b3e34' -> (Import Result ID: '272dbcf81ee6c806f96043de2a0f3d71') in 0.004 seconds [static and dynamic dependencies]. Details - ImportResultOutputID=0b4a177b8b4e7af2c7554bebe487b6a9 DependenciesID=f37ffb8aa7e24fac244ee321ddb5af8a StaticDependenciesID=4ce83a085af3c315e375bbb478233c17 
Number of updated asset objects reloaded before import = 0
Number of asset objects unloaded after import = 0
========================================================================
Received Import Request.
  Time of request: 2026-09-10T11:09:00.5513543Z
  Time since last request: 0.0004891 seconds.
  importAddress: GUID: 77be953cf28de42a4ad8532539fef3f5 - Path: Packages/com.unity.multiplayer.center/Editor/MultiplayerCenterWindow/UI/Icons/d_PackageInstalled.png - Importer: ScriptedImporter/UnityEditor.QuickSearchModule:UnityEditor.Search:ASIAI0B
Importing 'GUID: 77be953cf28de42a4ad8532539fef3f5 - Path: Packages/com.unity.multiplayer.center/Editor/MultiplayerCenterWindow/UI/Icons/d_PackageInstalled.png - Importer: ScriptedImporter/UnityEditor.QuickSearchModule:UnityEditor.Search:ASIAI0B' with importer (ScriptedImporter : UnityEditor.QuickSearchModule:UnityEditor.Search:ASIAI0B)
Imported 'GUID: 77be953cf28de42a4ad8532539fef3f5' -> (Import Result ID: '12ea51617c684526bb3637863fc90699') in 0.006 seconds [static and dynamic dependencies]. Details - ImportResultOutputID=4087a2162df21de21f00ede5aac8b94d DependenciesID=4067cc2fe4af8dbee2827017a60249ea StaticDependenciesID=18a34161351ebc3e77d6e3902e6cf259 
Number of updated asset objects reloaded before import = 0
Number of asset objects unloaded after import = 1
========================================================================
Received Import Request.
  Time of request: 2026-09-10T11:09:00.5578375Z
  Time since last request: 0.0003458 seconds.
  importAddress: GUID: 38a11839c22b4e67aa2e508d906edf65 - Path: Packages/com.unity.multiplayer.center/Editor/Recommendations/RecommenderSystemData.cs - Importer: ScriptedImporter/UnityEditor.QuickSearchModule:UnityEditor.Search:ASIAI0B
Importing 'GUID: 38a11839c22b4e67aa2e508d906edf65 - Path: Packages/com.unity.multiplayer.center/Editor/Recommendations/RecommenderSystemData.cs - Importer: ScriptedImporter/UnityEditor.QuickSearchModule:UnityEditor.Search:ASIAI0B' with importer (ScriptedImporter : UnityEditor.QuickSearchModule:UnityEditor.Search:ASIAI0B)
Imported 'GUID: 38a11839c22b4e67aa2e508d906edf65' -> (Import Result ID: '0fe0d4ab930f9d7082773222a648fe3d') in 0.002 seconds [static and dynamic dependencies]. Details - ImportResultOutputID=7ee3e9c841ff8cd9a44f24ee089faa8c DependenciesID=5166e1fd36e7617a805110490de94de3 StaticDependenciesID=a4563a4c8cee84843fe5f5e1a5beb475 
Number of updated asset objects reloaded before import = 0
Number of asset objects unloaded after import = 0
========================================================================
Received Import Request.
  Time of request: 2026-09-10T11:09:00.5606578Z
  Time since last request: 0.0002716 seconds.
  importAddress: GUID: 5d117d33f89d41cd9123918383c9b981 - Path: Packages/com.unity.multiplayer.center/Editor/Questionnaire/QuestionnaireEditor.cs - Importer: ScriptedImporter/UnityEditor.QuickSearchModule:UnityEditor.Search:ASIAI0B
Importing 'GUID: 5d117d33f89d41cd9123918383c9b981 - Path: Packages/com.unity.multiplayer.center/Editor/Questionnaire/QuestionnaireEditor.cs - Importer: ScriptedImporter/UnityEditor.QuickSearchModule:UnityEditor.Search:ASIAI0B' with importer (ScriptedImporter : UnityEditor.QuickSearchModule:UnityEditor.Search:ASIAI0B)
Imported 'GUID: 5d117d33f89d41cd9123918383c9b981' -> (Import Result ID: '6e0673f8ff02146948dea8afaa4978fb') in 0.003 seconds [static and dynamic dependencies]. Details - ImportResultOutputID=2e93d7e16878fc6394af9ffe3db9f171 DependenciesID=49c3e19954bd401645aeb62f0ea3667f StaticDependenciesID=53e187d695fb78d40a2681bdcea0b7a7 
Number of updated asset objects reloaded before import = 0
Number of asset objects unloaded after import = 0
========================================================================
Received Import Request.
  Time of request: 2026-09-10T11:09:00.5639426Z
  Time since last request: 0.0003335 seconds.
  importAddress: GUID: b46a48f780f84026b9d1e73ee1b0121d - Path: Packages/com.unity.multiplayer.center/Editor/Recommendations/RecommendationType.cs - Importer: ScriptedImporter/UnityEditor.QuickSearchModule:UnityEditor.Search:ASIAI0B
Importing 'GUID: b46a48f780f84026b9d1e73ee1b0121d - Path: Packages/com.unity.multiplayer.center/Editor/Recommendations/RecommendationType.cs - Importer: ScriptedImporter/UnityEditor.QuickSearchModule:UnityEditor.Search:ASIAI0B' with importer (ScriptedImporter : UnityEditor.QuickSearchModule:UnityEditor.Search:ASIAI0B)
Imported 'GUID: b46a48f780f84026b9d1e73ee1b0121d' -> (Import Result ID: 'df82aee0bd6357ff9ae82ac67399573f') in 0.003 seconds [static and dynamic dependencies]. Details - ImportResultOutputID=d3a7c545be8263e7a850fd4c4ad801da DependenciesID=d341e431c7552337c7c606fd9ac9c99d StaticDependenciesID=e8a2bd8b9f7e20f529a556a586753443 
Number of updated asset objects reloaded before import = 0
Number of asset objects unloaded after import = 0
========================================================================
Received Import Request.
  Time of request: 2026-09-10T11:09:00.5670759Z
  Time since last request: 0.0003737 seconds.
  importAddress: GUID: 0354877031b64465ea7e5cafea1a2653 - Path: Packages/com.unity.multiplayer.center/Editor/MultiplayerCenterWindow/UI/Icons/DistributedAuthority@2x.png - Importer: ScriptedImporter/UnityEditor.QuickSearchModule:UnityEditor.Search:ASIAI0B
Importing 'GUID: 0354877031b64465ea7e5cafea1a2653 - Path: Packages/com.unity.multiplayer.center/Editor/MultiplayerCenterWindow/UI/Icons/DistributedAuthority@2x.png - Importer: ScriptedImporter/UnityEditor.QuickSearchModule:UnityEditor.Search:ASIAI0B' with importer (ScriptedImporter : UnityEditor.QuickSearchModule:UnityEditor.Search:ASIAI0B)
Imported 'GUID: 0354877031b64465ea7e5cafea1a2653' -> (Import Result ID: 'dfc209eb0598d890aff40a9f7eac556e') in 0.006 seconds [static and dynamic dependencies]. Details - ImportResultOutputID=3f6002563124b06dd3547e2ddff65395 DependenciesID=4bbbc1e47126e50db8a993ebf6a4b2e4 StaticDependenciesID=a51d204e289262ccab4ada814f1298da 
Number of updated asset objects reloaded before import = 0
Number of asset objects unloaded after import = 1
========================================================================
Received Import Request.
  Time of request: 2026-09-10T11:09:00.5733387Z
  Time since last request: 0.0003403 seconds.
  importAddress: GUID: 7456ea4ba2dcd48d3909b82e610f2048 - Path: Packages/com.unity.multiplayer.center/Tests/Runtime/PlaceholderTest.cs - Importer: ScriptedImporter/UnityEditor.QuickSearchModule:UnityEditor.Search:ASIAI0B
Importing 'GUID: 7456ea4ba2dcd48d3909b82e610f2048 - Path: Packages/com.unity.multiplayer.center/Tests/Runtime/PlaceholderTest.cs - Importer: ScriptedImporter/UnityEditor.QuickSearchModule:UnityEditor.Search:ASIAI0B' with importer (ScriptedImporter : UnityEditor.QuickSearchModule:UnityEditor.Search:ASIAI0B)
Imported 'GUID: 7456ea4ba2dcd48d3909b82e610f2048' -> (Import Result ID: 'f5cef28e855f8ab082453a9f12278f98') in 0.002 seconds [static and dynamic dependencies]. Details - ImportResultOutputID=e8e7a19a71bbb8d52256023f50e591b8 DependenciesID=64206a5edc8608a1cd24e51114c640af StaticDependenciesID=ca0ea154eac79a5df2be320684b7292b 
Number of updated asset objects reloaded before import = 0
Number of asset objects unloaded after import = 0
========================================================================
Received Import Request.
  Time of request: 2026-09-10T11:09:00.5763471Z
  Time since last request: 0.0004114 seconds.
  importAddress: GUID: 89ffa359141b49fea9bfa6a1db3b18be - Path: Packages/com.unity.multiplayer.center/Tests/Editor/AssemblyInfo.cs - Importer: ScriptedImporter/UnityEditor.QuickSearchModule:UnityEditor.Search:ASIAI0B
Importing 'GUID: 89ffa359141b49fea9bfa6a1db3b18be - Path: Packages/com.unity.multiplayer.center/Tests/Editor/AssemblyInfo.cs - Importer: ScriptedImporter/UnityEditor.QuickSearchModule:UnityEditor.Search:ASIAI0B' with importer (ScriptedImporter : UnityEditor.QuickSearchModule:UnityEditor.Search:ASIAI0B)
Imported 'GUID: 89ffa359141b49fea9bfa6a1db3b18be' -> (Import Result ID: 'e872aa02f6ed1128834dd1505b074c26') in 0.003 seconds [static and dynamic dependencies]. Details - ImportResultOutputID=c2ab010f06177cb3bf05273367fefd18 DependenciesID=dbfa68874931c0b477010584926d0c23 StaticDependenciesID=bf82d4189def0f9bd9c693c228391a5e 
Number of updated asset objects reloaded before import = 0
Number of asset objects unloaded after import = 0
========================================================================
Received Import Request.
  Time of request: 2026-09-10T11:09:00.5792313Z
  Time since last request: 0.0002399 seconds.
  importAddress: GUID: d9beb5106d424f23902054f76d4b673d - Path: Packages/com.unity.multiplayer.center/Editor/Questionnaire/Logic.cs - Importer: ScriptedImporter/UnityEditor.QuickSearchModule:UnityEditor.Search:ASIAI0B
Importing 'GUID: d9beb5106d424f23902054f76d4b673d - Path: Packages/com.unity.multiplayer.center/Editor/Questionnaire/Logic.cs - Importer: ScriptedImporter/UnityEditor.QuickSearchModule:UnityEditor.Search:ASIAI0B' with importer (ScriptedImporter : UnityEditor.QuickSearchModule:UnityEditor.Search:ASIAI0B)
Imported 'GUID: d9beb5106d424f23902054f76d4b673d' -> (Import Result ID: 'a9dc69c12ad745b181f669fdf2b49f83') in 0.002 seconds [static and dynamic dependencies]. Details - ImportResultOutputID=729e5ff41bf3f41d8331439c60fddd0f DependenciesID=831dbd314aac8ccad9354a470abf26f0 StaticDependenciesID=cc3577f7dcbf89a86ba8b2a54c471890 
Number of updated asset objects reloaded before import = 0
Number of asset objects unloaded after import = 0
========================================================================
Received Import Request.
  Time of request: 2026-09-10T11:09:00.582279Z
  Time since last request: 0.0003812 seconds.
  importAddress: GUID: 23342257960b4b618e6f7c444137663c - Path: Packages/com.unity.multiplayer.center/Editor/Recommendations/PreReleaseHandling.cs - Importer: ScriptedImporter/UnityEditor.QuickSearchModule:UnityEditor.Search:ASIAI0B
Importing 'GUID: 23342257960b4b618e6f7c444137663c - Path: Packages/com.unity.multiplayer.center/Editor/Recommendations/PreReleaseHandling.cs - Importer: ScriptedImporter/UnityEditor.QuickSearchModule:UnityEditor.Search:ASIAI0B' with importer (ScriptedImporter : UnityEditor.QuickSearchModule:UnityEditor.Search:ASIAI0B)
Imported 'GUID: 23342257960b4b618e6f7c444137663c' -> (Import Result ID: 'dda29dfefc22b08a696e6349d74a3d26') in 0.004 seconds [static and dynamic dependencies]. Details - ImportResultOutputID=049989015db0df9f5b91ea0eb60602ce DependenciesID=31f42e0914dc4d629685c35fd1f7cda7 StaticDependenciesID=c1c1a937d7e024ab13aaff6e63aefb1e 
Number of updated asset objects reloaded before import = 0
Number of asset objects unloaded after import = 0
========================================================================
Received Import Request.
  Time of request: 2026-09-10T11:09:00.586419Z
  Time since last request: 0.0004291 seconds.
  importAddress: GUID: 15513aed5d41411c887ccfe14c103337 - Path: Packages/com.unity.multiplayer.center/Tests/Editor/UserChoicesMigrationTests.cs - Importer: ScriptedImporter/UnityEditor.QuickSearchModule:UnityEditor.Search:ASIAI0B
Importing 'GUID: 15513aed5d41411c887ccfe14c103337 - Path: Packages/com.unity.multiplayer.center/Tests/Editor/UserChoicesMigrationTests.cs - Importer: ScriptedImporter/UnityEditor.QuickSearchModule:UnityEditor.Search:ASIAI0B' with importer (ScriptedImporter : UnityEditor.QuickSearchModule:UnityEditor.Search:ASIAI0B)
Imported 'GUID: 15513aed5d41411c887ccfe14c103337' -> (Import Result ID: 'cd096d97051e2527d5860b4f888ebe99') in 0.003 seconds [static and dynamic dependencies]. Details - ImportResultOutputID=efc58b260ace1a1fdd40b8bb3b8e5cd3 DependenciesID=53076502f68cbdfa4e040f94b38058a4 StaticDependenciesID=2ec4e89d151905138095e4b983a02960 
Number of updated asset objects reloaded before import = 0
Number of asset objects unloaded after import = 0
========================================================================
Received Import Request.
  Time of request: 2026-09-10T11:09:00.5894844Z
  Time since last request: 0.0002759 seconds.
  importAddress: GUID: f526d484b0c04a1896c469f31c713786 - Path: Packages/com.unity.multiplayer.center/Editor/Recommendations/Scoring.cs - Importer: ScriptedImporter/UnityEditor.QuickSearchModule:UnityEditor.Search:ASIAI0B
Importing 'GUID: f526d484b0c04a1896c469f31c713786 - Path: Packages/com.unity.multiplayer.center/Editor/Recommendations/Scoring.cs - Importer: ScriptedImporter/UnityEditor.QuickSearchModule:UnityEditor.Search:ASIAI0B' with importer (ScriptedImporter : UnityEditor.QuickSearchModule:UnityEditor.Search:ASIAI0B)
Imported 'GUID: f526d484b0c04a1896c469f31c713786' -> (Import Result ID: '232d73c40d390de2899eece8dce70bf9') in 0.002 seconds [static and dynamic dependencies]. Details - ImportResultOutputID=d07493795b81cf311accb7f33c303f04 DependenciesID=6ef63c60dcaf52cd8e0a392ee08c15ef StaticDependenciesID=eb8d61be74a7a97786e6d698354a52e6 
Number of updated asset objects reloaded before import = 0
Number of asset objects unloaded after import = 0
========================================================================
Received Import Request.
  Time of request: 2026-09-10T11:09:00.5921878Z
  Time since last request: 0.0002342 seconds.
  importAddress: GUID: c3677cd9ede84e78b2fff6331c6301da - Path: Packages/com.unity.multiplayer.center/Editor/Questionnaire/QuestionnaireObject.cs - Importer: ScriptedImporter/UnityEditor.QuickSearchModule:UnityEditor.Search:ASIAI0B
Importing 'GUID: c3677cd9ede84e78b2fff6331c6301da - Path: Packages/com.unity.multiplayer.center/Editor/Questionnaire/QuestionnaireObject.cs - Importer: ScriptedImporter/UnityEditor.QuickSearchModule:UnityEditor.Search:ASIAI0B' with importer (ScriptedImporter : UnityEditor.QuickSearchModule:UnityEditor.Search:ASIAI0B)
Imported 'GUID: c3677cd9ede84e78b2fff6331c6301da' -> (Import Result ID: 'f4402ad744aaa3f60e6eec268b8149c2') in 0.002 seconds [static and dynamic dependencies]. Details - ImportResultOutputID=1e630d3b21da9a2497e4c5532916102b DependenciesID=9b4b50484395237342d9c041fd0ce207 StaticDependenciesID=3a56606a70d3c4a783d59c6ec3be0a1a 
Number of updated asset objects reloaded before import = 0
Number of asset objects unloaded after import = 0
========================================================================
Received Import Request.
  Time of request: 2026-09-10T11:09:00.5952364Z
  Time since last request: 0.0004436 seconds.
  importAddress: GUID: 0efb92c924574ec59b71b9185a6ed8fb - Path: Packages/com.unity.multiplayer.center/Tests/Editor/RecommendationTests.cs - Importer: ScriptedImporter/UnityEditor.QuickSearchModule:UnityEditor.Search:ASIAI0B
Importing 'GUID: 0efb92c924574ec59b71b9185a6ed8fb - Path: Packages/com.unity.multiplayer.center/Tests/Editor/RecommendationTests.cs - Importer: ScriptedImporter/UnityEditor.QuickSearchModule:UnityEditor.Search:ASIAI0B' with importer (ScriptedImporter : UnityEditor.QuickSearchModule:UnityEditor.Search:ASIAI0B)
Imported 'GUID: 0efb92c924574ec59b71b9185a6ed8fb' -> (Import Result ID: '57ea58bf9f66185469313fccb7712e59') in 0.002 seconds [static and dynamic dependencies]. Details - ImportResultOutputID=9c6a7127c2e6b0d2f2e7f3eda282a1c7 DependenciesID=88aae85cea2821a7a2e3dafcb07e426e StaticDependenciesID=b2b14ffd5422b3516bc98f702ea50aae 
Number of updated asset objects reloaded before import = 0
Number of asset objects unloaded after import = 0
========================================================================
Received Import Request.
  Time of request: 2026-09-10T11:09:00.5981366Z
  Time since last request: 0.0004094 seconds.
  importAddress: GUID: 4f78a544322c742b89e63fb68557b1d2 - Path: Packages/com.unity.multiplayer.center/Editor/MultiplayerCenterWindow/UI/Icons/Check.png - Importer: ScriptedImporter/UnityEditor.QuickSearchModule:UnityEditor.Search:ASIAI0B
Importing 'GUID: 4f78a544322c742b89e63fb68557b1d2 - Path: Packages/com.unity.multiplayer.center/Editor/MultiplayerCenterWindow/UI/Icons/Check.png - Importer: ScriptedImporter/UnityEditor.QuickSearchModule:UnityEditor.Search:ASIAI0B' with importer (ScriptedImporter : UnityEditor.QuickSearchModule:UnityEditor.Search:ASIAI0B)
Imported 'GUID: 4f78a544322c742b89e63fb68557b1d2' -> (Import Result ID: '6fe6b2867ff84cd6bafba2dedd82f3e1') in 0.006 seconds [static and dynamic dependencies]. Details - ImportResultOutputID=0a0f55d6428e9def80df96227b1df215 DependenciesID=ad8569dc245a1939a1eb8230ce72a279 StaticDependenciesID=cd4151479c6272c469bc89541d04576c 
Number of updated asset objects reloaded before import = 0
Number of asset objects unloaded after import = 1
========================================================================
Received Import Request.
  Time of request: 2026-09-10T11:09:00.6046018Z
  Time since last request: 0.0002855 seconds.
  importAddress: GUID: 284da2a38ea043d69e1a38fd8a22bec9 - Path: Packages/com.unity.multiplayer.center/Tests/Editor/RecommenderSystemTests.cs - Importer: ScriptedImporter/UnityEditor.QuickSearchModule:UnityEditor.Search:ASIAI0B
Importing 'GUID: 284da2a38ea043d69e1a38fd8a22bec9 - Path: Packages/com.unity.multiplayer.center/Tests/Editor/RecommenderSystemTests.cs - Importer: ScriptedImporter/UnityEditor.QuickSearchModule:UnityEditor.Search:ASIAI0B' with importer (ScriptedImporter : UnityEditor.QuickSearchModule:UnityEditor.Search:ASIAI0B)
Imported 'GUID: 284da2a38ea043d69e1a38fd8a22bec9' -> (Import Result ID: '6de8770bda946a5f44ebc14c2bfd543b') in 0.003 seconds [static and dynamic dependencies]. Details - ImportResultOutputID=804feadda305fd19580cca5f15bda1c7 DependenciesID=ae32b9130890667097e7b2076b1504c8 StaticDependenciesID=c1a62e9b6d7c0d04061e787f38f7e4e5 
Number of updated asset objects reloaded before import = 0
Number of asset objects unloaded after import = 0
========================================================================
Received Import Request.
  Time of request: 2026-09-10T11:09:00.6082176Z
  Time since last request: 0.000452 seconds.
  importAddress: GUID: dce12af736e0a4a1ba35d6424f897dc9 - Path: Packages/com.unity.multiplayer.center/Editor/MultiplayerCenterWindow/UI/Icons/CustomNetcode.png - Importer: ScriptedImporter/UnityEditor.QuickSearchModule:UnityEditor.Search:ASIAI0B
Importing 'GUID: dce12af736e0a4a1ba35d6424f897dc9 - Path: Packages/com.unity.multiplayer.center/Editor/MultiplayerCenterWindow/UI/Icons/CustomNetcode.png - Importer: ScriptedImporter/UnityEditor.QuickSearchModule:UnityEditor.Search:ASIAI0B' with importer (ScriptedImporter : UnityEditor.QuickSearchModule:UnityEditor.Search:ASIAI0B)
Imported 'GUID: dce12af736e0a4a1ba35d6424f897dc9' -> (Import Result ID: 'c56987a2f5f74f9a3117a9db8d9e4b8c') in 0.007 seconds [static and dynamic dependencies]. Details - ImportResultOutputID=4ee5ce62dd8aee06da903a0d87577ebe DependenciesID=7177d58d9ebb29e7b5732ef136996f4a StaticDependenciesID=4d45e617a0c83a49cb01ae5caca51816 
Number of updated asset objects reloaded before import = 0
Number of asset objects unloaded after import = 1
========================================================================
Received Import Request.
  Time of request: 2026-09-10T11:09:00.6160244Z
  Time since last request: 0.0003931 seconds.
  importAddress: GUID: b2ce704e56cc84fb3b347499263c6244 - Path: Packages/com.unity.multiplayer.center/Editor/MultiplayerCenterWindow/UI/Icons/ClientHosted.png - Importer: ScriptedImporter/UnityEditor.QuickSearchModule:UnityEditor.Search:ASIAI0B
Importing 'GUID: b2ce704e56cc84fb3b347499263c6244 - Path: Packages/com.unity.multiplayer.center/Editor/MultiplayerCenterWindow/UI/Icons/ClientHosted.png - Importer: ScriptedImporter/UnityEditor.QuickSearchModule:UnityEditor.Search:ASIAI0B' with importer (ScriptedImporter : UnityEditor.QuickSearchModule:UnityEditor.Search:ASIAI0B)
Imported 'GUID: b2ce704e56cc84fb3b347499263c6244' -> (Import Result ID: '6197347a2b9048e9ddd8daaeaa109613') in 0.007 seconds [static and dynamic dependencies]. Details - ImportResultOutputID=8727abd9b408a9d22afd2876cb23ae76 DependenciesID=6f343b363b6707c45eabf19d11f7fdaf StaticDependenciesID=5dac54b1acf2be5a3f81b195119fcefd 
Number of updated asset objects reloaded before import = 0
Number of asset objects unloaded after import = 1
========================================================================
Received Import Request.
  Time of request: 2026-09-10T11:09:00.6231995Z
  Time since last request: 0.0003406 seconds.
  importAddress: GUID: bac00d6e07f0b4305bb395363c89d92b - Path: Packages/com.unity.multiplayer.center/Editor/MultiplayerCenterWindow/UI/MultiplayerCenterWindow.uss - Importer: ScriptedImporter/UnityEditor.QuickSearchModule:UnityEditor.Search:ASIAI0B
Importing 'GUID: bac00d6e07f0b4305bb395363c89d92b - Path: Packages/com.unity.multiplayer.center/Editor/MultiplayerCenterWindow/UI/MultiplayerCenterWindow.uss - Importer: ScriptedImporter/UnityEditor.QuickSearchModule:UnityEditor.Search:ASIAI0B' with importer (ScriptedImporter : UnityEditor.QuickSearchModule:UnityEditor.Search:ASIAI0B)
Imported 'GUID: bac00d6e07f0b4305bb395363c89d92b' -> (Import Result ID: 'a44b019246597b884eb076913aa90aa6') in 0.013 seconds [static and dynamic dependencies]. Details - ImportResultOutputID=4006c131a55e0f6e0cb9b857011f24ca DependenciesID=4f68e5f4e85c30d1cb3e7d1cb01a394f StaticDependenciesID=dabd5ad7c445e3e9c5c0f4cfd9510713 
Number of updated asset objects reloaded before import = 0
Number of asset objects unloaded after import = 19
========================================================================
Received Import Request.
  Time of request: 2026-09-10T11:09:00.6368202Z
  Time since last request: 0.0002155 seconds.
  importAddress: GUID: b6a02e450cd04bb781e7728f2056251c - Path: Packages/com.unity.multiplayer.center/Editor/Recommendations/RecommenderSystemDataObject.cs - Importer: ScriptedImporter/UnityEditor.QuickSearchModule:UnityEditor.Search:ASIAI0B
Importing 'GUID: b6a02e450cd04bb781e7728f2056251c - Path: Packages/com.unity.multiplayer.center/Editor/Recommendations/RecommenderSystemDataObject.cs - Importer: ScriptedImporter/UnityEditor.QuickSearchModule:UnityEditor.Search:ASIAI0B' with importer (ScriptedImporter : UnityEditor.QuickSearchModule:UnityEditor.Search:ASIAI0B)
Imported 'GUID: b6a02e450cd04bb781e7728f2056251c' -> (Import Result ID: '4223c6cd08c9e83eda7756595c6547ae') in 0.003 seconds [static and dynamic dependencies]. Details - ImportResultOutputID=b3ce4df970008d3320890fd87346f84a DependenciesID=51514f5ab9901f88bea7dd564d156399 StaticDependenciesID=b616c3cb0cfdd02f283a4fc67b40feec 
Number of updated asset objects reloaded before import = 0
Number of asset objects unloaded after import = 0
========================================================================
Received Import Request.
  Time of request: 2026-09-10T11:09:00.6399375Z
  Time since last request: 0.0003075 seconds.
  importAddress: GUID: a6fd0c627f5aa48fa81512221e70a11e - Path: Packages/com.unity.multiplayer.center/Editor/MultiplayerCenterWindow/UI/Icons/d_PackageManager@2x.png - Importer: ScriptedImporter/UnityEditor.QuickSearchModule:UnityEditor.Search:ASIAI0B
Importing 'GUID: a6fd0c627f5aa48fa81512221e70a11e - Path: Packages/com.unity.multiplayer.center/Editor/MultiplayerCenterWindow/UI/Icons/d_PackageManager@2x.png - Importer: ScriptedImporter/UnityEditor.QuickSearchModule:UnityEditor.Search:ASIAI0B' with importer (ScriptedImporter : UnityEditor.QuickSearchModule:UnityEditor.Search:ASIAI0B)
Imported 'GUID: a6fd0c627f5aa48fa81512221e70a11e' -> (Import Result ID: '279295fe881b59af9e33e62b9267389b') in 0.008 seconds [static and dynamic dependencies]. Details - ImportResultOutputID=f2b1d2e2fa6f2db0ebf9342f898c4d84 DependenciesID=79771625120b2103d3f7a76463924860 StaticDependenciesID=93961c3ee2d52b81fc6e42f292ae9582 
Number of updated asset objects reloaded before import = 0
Number of asset objects unloaded after import = 1
========================================================================
Received Import Request.
  Time of request: 2026-09-10T11:09:00.6483048Z
  Time since last request: 0.0003179 seconds.
  importAddress: GUID: 2664430aff4254d79887d32c3fc1e221 - Path: Packages/com.unity.multiplayer.center/Tests/Runtime/Unity.Multiplayer.Center.Tests.asmdef - Importer: ScriptedImporter/UnityEditor.QuickSearchModule:UnityEditor.Search:ASIAI0B
Importing 'GUID: 2664430aff4254d79887d32c3fc1e221 - Path: Packages/com.unity.multiplayer.center/Tests/Runtime/Unity.Multiplayer.Center.Tests.asmdef - Importer: ScriptedImporter/UnityEditor.QuickSearchModule:UnityEditor.Search:ASIAI0B' with importer (ScriptedImporter : UnityEditor.QuickSearchModule:UnityEditor.Search:ASIAI0B)
Imported 'GUID: 2664430aff4254d79887d32c3fc1e221' -> (Import Result ID: 'e09a6506bb5239c9468b7a34330eae10') in 0.004 seconds [static and dynamic dependencies]. Details - ImportResultOutputID=db734c7dc1b94cee11c308c2ca6f3edc DependenciesID=453cdd8210318e502791cbd52ac7efd8 StaticDependenciesID=ca4b829660ccc8df2c277de5af639f20 
Number of updated asset objects reloaded before import = 0
Number of asset objects unloaded after import = 1
========================================================================
Received Import Request.
  Time of request: 2026-09-10T11:09:00.6527398Z
  Time since last request: 0.0002385 seconds.
  importAddress: GUID: 18cde282a8d045bf9d245fdcfaa7271b - Path: Packages/com.unity.multiplayer.center/Editor/Questionnaire/UserChoicesObject.cs - Importer: ScriptedImporter/UnityEditor.QuickSearchModule:UnityEditor.Search:ASIAI0B
Importing 'GUID: 18cde282a8d045bf9d245fdcfaa7271b - Path: Packages/com.unity.multiplayer.center/Editor/Questionnaire/UserChoicesObject.cs - Importer: ScriptedImporter/UnityEditor.QuickSearchModule:UnityEditor.Search:ASIAI0B' with importer (ScriptedImporter : UnityEditor.QuickSearchModule:UnityEditor.Search:ASIAI0B)
Imported 'GUID: 18cde282a8d045bf9d245fdcfaa7271b' -> (Import Result ID: 'd1fac91c3e125ada0641d64eea22dd84') in 0.003 seconds [static and dynamic dependencies]. Details - ImportResultOutputID=89a6fe068cd85dcd7d815e9d199184f1 DependenciesID=d3b970e7cb572a210c2500edff0068ec StaticDependenciesID=2467bf363f0cb0727f74f3f7e0041bb0 
Number of updated asset objects reloaded before import = 0
Number of asset objects unloaded after import = 0
========================================================================
Received Import Request.
  Time of request: 2026-09-10T11:09:00.6566009Z
  Time since last request: 0.0004097 seconds.
  importAddress: GUID: 318df756abab5463e9aa361360784865 - Path: Packages/com.unity.multiplayer.center/Editor/MultiplayerCenterWindow/UI/Icons/d_PackageInstalled@2x.png - Importer: ScriptedImporter/UnityEditor.QuickSearchModule:UnityEditor.Search:ASIAI0B
Importing 'GUID: 318df756abab5463e9aa361360784865 - Path: Packages/com.unity.multiplayer.center/Editor/MultiplayerCenterWindow/UI/Icons/d_PackageInstalled@2x.png - Importer: ScriptedImporter/UnityEditor.QuickSearchModule:UnityEditor.Search:ASIAI0B' with importer (ScriptedImporter : UnityEditor.QuickSearchModule:UnityEditor.Search:ASIAI0B)
Imported 'GUID: 318df756abab5463e9aa361360784865' -> (Import Result ID: '861342b9af9c6abb5412c3d77f0e3d78') in 0.005 seconds [static and dynamic dependencies]. Details - ImportResultOutputID=71359628921d68011f8060251d169416 DependenciesID=c150372f88808d02475cf0ca8c46a64b StaticDependenciesID=e98ee94ff34a93256015b8b71b0aa038 
Number of updated asset objects reloaded before import = 0
Number of asset objects unloaded after import = 1
========================================================================
Received Import Request.
  Time of request: 2026-09-10T11:09:00.6623133Z
  Time since last request: 0.0003473 seconds.
  importAddress: GUID: 84e4bbd00035e4671bf14e0380a89001 - Path: Packages/com.unity.multiplayer.center/Editor/MultiplayerCenterWindow/UI/Icons/EmptyViewIcon.png - Importer: ScriptedImporter/UnityEditor.QuickSearchModule:UnityEditor.Search:ASIAI0B
Importing 'GUID: 84e4bbd00035e4671bf14e0380a89001 - Path: Packages/com.unity.multiplayer.center/Editor/MultiplayerCenterWindow/UI/Icons/EmptyViewIcon.png - Importer: ScriptedImporter/UnityEditor.QuickSearchModule:UnityEditor.Search:ASIAI0B' with importer (ScriptedImporter : UnityEditor.QuickSearchModule:UnityEditor.Search:ASIAI0B)
Imported 'GUID: 84e4bbd00035e4671bf14e0380a89001' -> (Import Result ID: '6b94cd6a34f58c0729b6896f5793ea64') in 0.009 seconds [static and dynamic dependencies]. Details - ImportResultOutputID=0a3ea8093711aa96eca3cda1eb54226b DependenciesID=98d3c8bcd48a087909481b95b916be77 StaticDependenciesID=9b8072141b80592221d304f41e3b3374 
Number of updated asset objects reloaded before import = 0
Number of asset objects unloaded after import = 1
========================================================================
Received Import Request.
  Time of request: 2026-09-10T11:09:00.6713605Z
  Time since last request: 0.0002814 seconds.
  importAddress: GUID: 71b3035ad4d343cbbe033e93369d187e - Path: Packages/com.unity.multiplayer.center/Editor/Recommendations/RecommendationAuthoringData.cs - Importer: ScriptedImporter/UnityEditor.QuickSearchModule:UnityEditor.Search:ASIAI0B
Importing 'GUID: 71b3035ad4d343cbbe033e93369d187e - Path: Packages/com.unity.multiplayer.center/Editor/Recommendations/RecommendationAuthoringData.cs - Importer: ScriptedImporter/UnityEditor.QuickSearchModule:UnityEditor.Search:ASIAI0B' with importer (ScriptedImporter : UnityEditor.QuickSearchModule:UnityEditor.Search:ASIAI0B)
Imported 'GUID: 71b3035ad4d343cbbe033e93369d187e' -> (Import Result ID: '649ba31ae2a87c60deb350cd828c35dd') in 0.003 seconds [static and dynamic dependencies]. Details - ImportResultOutputID=90468785d973c3cee730aac446e66b36 DependenciesID=a9943d215752276585767d432019bac1 StaticDependenciesID=7f3337417eb41703e37a52f8a5d8ae56 
Number of updated asset objects reloaded before import = 0
Number of asset objects unloaded after import = 0
========================================================================
Received Import Request.
  Time of request: 2026-09-10T11:09:00.6749483Z
  Time since last request: 0.0003506 seconds.
  importAddress: GUID: 1984cd07fe96417f9e88f5771f6b4b32 - Path: Packages/com.unity.multiplayer.center/Editor/MultiplayerCenterWindow/UI/dark.uss - Importer: ScriptedImporter/UnityEditor.QuickSearchModule:UnityEditor.Search:ASIAI0B
Importing 'GUID: 1984cd07fe96417f9e88f5771f6b4b32 - Path: Packages/com.unity.multiplayer.center/Editor/MultiplayerCenterWindow/UI/dark.uss - Importer: ScriptedImporter/UnityEditor.QuickSearchModule:UnityEditor.Search:ASIAI0B' with importer (ScriptedImporter : UnityEditor.QuickSearchModule:UnityEditor.Search:ASIAI0B)
Imported 'GUID: 1984cd07fe96417f9e88f5771f6b4b32' -> (Import Result ID: '4c503bce4e7d5237af27fb35c769a69a') in 0.009 seconds [static and dynamic dependencies]. Details - ImportResultOutputID=6ea951ee253173b2de79fbd13ecf54f3 DependenciesID=6a5b1312b86f2a7657d9d3e7c68b483b StaticDependenciesID=88653429d607cb38daa99bd3b24408c2 
Number of updated asset objects reloaded before import = 0
Number of asset objects unloaded after import = 9
========================================================================
Received Import Request.
  Time of request: 2026-09-10T11:09:00.6844156Z
  Time since last request: 0.0000295 seconds.
  importAddress: GUID: bcf305fff4614e26a6979b63e954f6d6 - Path: Packages/com.unity.multiplayer.center/Editor/MultiplayerCenterWindow/UI/QuestionnaireView.cs - Importer: ScriptedImporter/UnityEditor.QuickSearchModule:UnityEditor.Search:ASIAI0B
Importing 'GUID: bcf305fff4614e26a6979b63e954f6d6 - Path: Packages/com.unity.multiplayer.center/Editor/MultiplayerCenterWindow/UI/QuestionnaireView.cs - Importer: ScriptedImporter/UnityEditor.QuickSearchModule:UnityEditor.Search:ASIAI0B' with importer (ScriptedImporter : UnityEditor.QuickSearchModule:UnityEditor.Search:ASIAI0B)
Imported 'GUID: bcf305fff4614e26a6979b63e954f6d6' -> (Import Result ID: 'a56bf9b6330d9e7a65a9fb3b9efb68b9') in 0.003 seconds [static and dynamic dependencies]. Details - ImportResultOutputID=382958ebac51e7aea3fab721f41f171c DependenciesID=d057689c475fc8f61c3304dc542c3934 StaticDependenciesID=fe92a2b779dec5c8f4d5aaa0472315f6 
Number of updated asset objects reloaded before import = 0
Number of asset objects unloaded after import = 0
========================================================================
Received Import Request.
  Time of request: 2026-09-10T11:09:00.6878813Z
  Time since last request: 0.0003793 seconds.
  importAddress: GUID: ea491f91a8b84866ad13371715bf90c8 - Path: Packages/com.unity.multiplayer.center/Tests/Editor/LogicTests.cs - Importer: ScriptedImporter/UnityEditor.QuickSearchModule:UnityEditor.Search:ASIAI0B
Importing 'GUID: ea491f91a8b84866ad13371715bf90c8 - Path: Packages/com.unity.multiplayer.center/Tests/Editor/LogicTests.cs - Importer: ScriptedImporter/UnityEditor.QuickSearchModule:UnityEditor.Search:ASIAI0B' with importer (ScriptedImporter : UnityEditor.QuickSearchModule:UnityEditor.Search:ASIAI0B)
Imported 'GUID: ea491f91a8b84866ad13371715bf90c8' -> (Import Result ID: '768165a44b27e8312e8e4449b19854c8') in 0.003 seconds [static and dynamic dependencies]. Details - ImportResultOutputID=92c2aebfd84cd8c323a37fbf08f42af1 DependenciesID=7f2afba13a56e00c91af188d8dcb0428 StaticDependenciesID=93c5ee8944326fc661df83ccec71a922 
Number of updated asset objects reloaded before import = 0
Number of asset objects unloaded after import = 0
========================================================================
Received Import Request.
  Time of request: 2026-09-10T11:09:00.6915837Z
  Time since last request: 0.0003759 seconds.
  importAddress: GUID: 470a2d15035f44b7b2888a0db0704bff - Path: Packages/com.unity.multiplayer.center/Tests/Editor/TabGroupTests.cs - Importer: ScriptedImporter/UnityEditor.QuickSearchModule:UnityEditor.Search:ASIAI0B
Importing 'GUID: 470a2d15035f44b7b2888a0db0704bff - Path: Packages/com.unity.multiplayer.center/Tests/Editor/TabGroupTests.cs - Importer: ScriptedImporter/UnityEditor.QuickSearchModule:UnityEditor.Search:ASIAI0B' with importer (ScriptedImporter : UnityEditor.QuickSearchModule:UnityEditor.Search:ASIAI0B)
Imported 'GUID: 470a2d15035f44b7b2888a0db0704bff' -> (Import Result ID: 'e20a9edb276b1c41cddbcb1ed03ebf69') in 0.003 seconds [static and dynamic dependencies]. Details - ImportResultOutputID=5d137e693e14ae446594c2df5111847a DependenciesID=3d1d8d75323ce4afb0ac8446655843c4 StaticDependenciesID=62649842ae29c31d7cd4ba6114379ab6 
Number of updated asset objects reloaded before import = 0
Number of asset objects unloaded after import = 0
========================================================================
Received Import Request.
  Time of request: 2026-09-10T11:09:00.6954989Z
  Time since last request: 0.0004695 seconds.
  importAddress: GUID: 2adffcc506285402aa795dee6f3166d0 - Path: Packages/com.unity.multiplayer.center/Editor/MultiplayerCenterWindow/UI/Icons/EmptyViewIcon@2x.png - Importer: ScriptedImporter/UnityEditor.QuickSearchModule:UnityEditor.Search:ASIAI0B
Importing 'GUID: 2adffcc506285402aa795dee6f3166d0 - Path: Packages/com.unity.multiplayer.center/Editor/MultiplayerCenterWindow/UI/Icons/EmptyViewIcon@2x.png - Importer: ScriptedImporter/UnityEditor.QuickSearchModule:UnityEditor.Search:ASIAI0B' with importer (ScriptedImporter : UnityEditor.QuickSearchModule:UnityEditor.Search:ASIAI0B)
Imported 'GUID: 2adffcc506285402aa795dee6f3166d0' -> (Import Result ID: 'da556992e715a371517e450b4874c855') in 0.008 seconds [static and dynamic dependencies]. Details - ImportResultOutputID=86dd594d42cbedead6dadc325a3591df DependenciesID=9c10f783325ab4bcb674d99552082935 StaticDependenciesID=0bacef1520e749616cf5e362a3bae68c 
Number of updated asset objects reloaded before import = 0
Number of asset objects unloaded after import = 1
========================================================================
Received Import Request.
  Time of request: 2026-09-10T11:09:00.7039942Z
  Time since last request: 0.0004876 seconds.
  importAddress: GUID: c7a38e6eccbfc49778cb8b77f594a971 - Path: Packages/com.unity.multiplayer.center/Editor/MultiplayerCenterWindow/UI/Icons/ClientHosted@2x.png - Importer: ScriptedImporter/UnityEditor.QuickSearchModule:UnityEditor.Search:ASIAI0B
Importing 'GUID: c7a38e6eccbfc49778cb8b77f594a971 - Path: Packages/com.unity.multiplayer.center/Editor/MultiplayerCenterWindow/UI/Icons/ClientHosted@2x.png - Importer: ScriptedImporter/UnityEditor.QuickSearchModule:UnityEditor.Search:ASIAI0B' with importer (ScriptedImporter : UnityEditor.QuickSearchModule:UnityEditor.Search:ASIAI0B)
Imported 'GUID: c7a38e6eccbfc49778cb8b77f594a971' -> (Import Result ID: '74f548c3c08007ed594d8eb3dd4683ee') in 0.011 seconds [static and dynamic dependencies]. Details - ImportResultOutputID=6fb8c2f52d48e109f8d95a2affec97b8 DependenciesID=bf59a169fc247c5e088c991efe6f5ccd StaticDependenciesID=7687b4e7a78c54aa6a80cbdb018ddd20 
Number of updated asset objects reloaded before import = 0
Number of asset objects unloaded after import = 1
========================================================================
Received Import Request.
  Time of request: 2026-09-10T11:09:00.7194812Z
  Time since last request: 0.0038806 seconds.
  importAddress: GUID: 679f9999c6f8f497e806a2d5d0511879 - Path: Packages/com.unity.multiplayer.center/Editor/MultiplayerCenterWindow/UI/Icons/PackageManager.png - Importer: ScriptedImporter/UnityEditor.QuickSearchModule:UnityEditor.Search:ASIAI0B
Importing 'GUID: 679f9999c6f8f497e806a2d5d0511879 - Path: Packages/com.unity.multiplayer.center/Editor/MultiplayerCenterWindow/UI/Icons/PackageManager.png - Importer: ScriptedImporter/UnityEditor.QuickSearchModule:UnityEditor.Search:ASIAI0B' with importer (ScriptedImporter : UnityEditor.QuickSearchModule:UnityEditor.Search:ASIAI0B)
Imported 'GUID: 679f9999c6f8f497e806a2d5d0511879' -> (Import Result ID: 'b0db632fd17f6946feb4bc52d9019a99') in 0.008 seconds [static and dynamic dependencies]. Details - ImportResultOutputID=775d4b63d6f1419bf24f38d243e9174b DependenciesID=dcf115bdf58ae090652d1fc6729df265 StaticDependenciesID=583aa5f31f73d70eff4bb3713d968ae3 
Number of updated asset objects reloaded before import = 0
Number of asset objects unloaded after import = 1
========================================================================
Received Import Request.
  Time of request: 2026-09-10T11:09:00.7284529Z
  Time since last request: 0.0004913 seconds.
  importAddress: GUID: 96d14b71b907bb52333b2886e665aba6 - Path: Packages/com.unity.modules.video/package.json - Importer: ScriptedImporter/UnityEditor.QuickSearchModule:UnityEditor.Search:ASIAI0B
Importing 'GUID: 96d14b71b907bb52333b2886e665aba6 - Path: Packages/com.unity.modules.video/package.json - Importer: ScriptedImporter/UnityEditor.QuickSearchModule:UnityEditor.Search:ASIAI0B' with importer (ScriptedImporter : UnityEditor.QuickSearchModule:UnityEditor.Search:ASIAI0B)
Imported 'GUID: 96d14b71b907bb52333b2886e665aba6' -> (Import Result ID: '05461609da1db5732b25d1faf6df4c7e') in 0.002 seconds [static and dynamic dependencies]. Details - ImportResultOutputID=f3efed0875f6dbb39fe7a3156c6a2e16 DependenciesID=0fe8055ed0c504e918d91399e28235d4 StaticDependenciesID=073931a34670a2b446a70be469f0bdf1 
Number of updated asset objects reloaded before import = 0
Number of asset objects unloaded after import = 1
========================================================================
Received Import Request.
  Time of request: 2026-09-10T11:09:00.7314173Z
  Time since last request: 0.0002973 seconds.
  importAddress: GUID: fe6a6957b37b61417b457a1e0541791d - Path: Packages/com.unity.modules.physics2d/package.ModuleCompilationTrigger - Importer: ScriptedImporter/UnityEditor.QuickSearchModule:UnityEditor.Search:ASIAI0B
Importing 'GUID: fe6a6957b37b61417b457a1e0541791d - Path: Packages/com.unity.modules.physics2d/package.ModuleCompilationTrigger - Importer: ScriptedImporter/UnityEditor.QuickSearchModule:UnityEditor.Search:ASIAI0B' with importer (ScriptedImporter : UnityEditor.QuickSearchModule:UnityEditor.Search:ASIAI0B)
Imported 'GUID: fe6a6957b37b61417b457a1e0541791d' -> (Import Result ID: '9544341a853873b79175883e3db31331') in 0.003 seconds [static and dynamic dependencies]. Details - ImportResultOutputID=00399c6569e64bf5b0c94e7cf2263313 DependenciesID=5647ce72b3768bb8c45992f340f20e6e StaticDependenciesID=69dee1165741315e2436e76a95d2009a 
Number of updated asset objects reloaded before import = 0
Number of asset objects unloaded after import = 1
========================================================================
Received Import Request.
  Time of request: 2026-09-10T11:09:00.7346903Z
  Time since last request: 0.000264 seconds.
  importAddress: GUID: 5262b119dc3e4259a40e6d93c8ea1048 - Path: Packages/com.unity.multiplayer.center/Editor/MultiplayerCenterWindow/UI/RecommendationView/PackageSelectionView.cs - Importer: ScriptedImporter/UnityEditor.QuickSearchModule:UnityEditor.Search:ASIAI0B
Importing 'GUID: 5262b119dc3e4259a40e6d93c8ea1048 - Path: Packages/com.unity.multiplayer.center/Editor/MultiplayerCenterWindow/UI/RecommendationView/PackageSelectionView.cs - Importer: ScriptedImporter/UnityEditor.QuickSearchModule:UnityEditor.Search:ASIAI0B' with importer (ScriptedImporter : UnityEditor.QuickSearchModule:UnityEditor.Search:ASIAI0B)
Imported 'GUID: 5262b119dc3e4259a40e6d93c8ea1048' -> (Import Result ID: 'c3bfd82bfc740757853fe86b4d95e67c') in 0.003 seconds [static and dynamic dependencies]. Details - ImportResultOutputID=37f202d78cb274b6385263cf3e6a1390 DependenciesID=729b760bc8aba634612d1f08fda328f2 StaticDependenciesID=9ad5c564a8872d555152dd7b27f5a341 
Number of updated asset objects reloaded before import = 0
Number of asset objects unloaded after import = 0
========================================================================
Received Import Request.
  Time of request: 2026-09-10T11:09:00.7385437Z
  Time since last request: 0.0003627 seconds.
  importAddress: GUID: 4745d06d5a7ca576dcf9e5e67b417652 - Path: Packages/com.unity.modules.accessibility/package.ModuleCompilationTrigger - Importer: ScriptedImporter/UnityEditor.QuickSearchModule:UnityEditor.Search:ASIAI0B
Importing 'GUID: 4745d06d5a7ca576dcf9e5e67b417652 - Path: Packages/com.unity.modules.accessibility/package.ModuleCompilationTrigger - Importer: ScriptedImporter/UnityEditor.QuickSearchModule:UnityEditor.Search:ASIAI0B' with importer (ScriptedImporter : UnityEditor.QuickSearchModule:UnityEditor.Search:ASIAI0B)
Imported 'GUID: 4745d06d5a7ca576dcf9e5e67b417652' -> (Import Result ID: '7906a990c151a06ae07facd0224f9e95') in 0.003 seconds [static and dynamic dependencies]. Details - ImportResultOutputID=fa43890d3d702c3d6ecb22b184fc23a6 DependenciesID=981cd5d76296a12fcfe1d943344811ff StaticDependenciesID=688c0e5efd6dd3e300a07c96635167d9 
Number of updated asset objects reloaded before import = 0
Number of asset objects unloaded after import = 1
========================================================================
Received Import Request.
  Time of request: 2026-09-10T11:09:00.7425184Z
  Time since last request: 0.0003315 seconds.
  importAddress: GUID: f1e4f3f59aa446bfb097357fa8ad4a8b - Path: Packages/com.unity.multiplayer.center/Editor/MultiplayerCenterWindow/UI/RecommendationView/SolutionSelectionView.cs - Importer: ScriptedImporter/UnityEditor.QuickSearchModule:UnityEditor.Search:ASIAI0B
Importing 'GUID: f1e4f3f59aa446bfb097357fa8ad4a8b - Path: Packages/com.unity.multiplayer.center/Editor/MultiplayerCenterWindow/UI/RecommendationView/SolutionSelectionView.cs - Importer: ScriptedImporter/UnityEditor.QuickSearchModule:UnityEditor.Search:ASIAI0B' with importer (ScriptedImporter : UnityEditor.QuickSearchModule:UnityEditor.Search:ASIAI0B)
Imported 'GUID: f1e4f3f59aa446bfb097357fa8ad4a8b' -> (Import Result ID: 'a049ca00e3c20cd1d7bce7e899999379') in 0.003 seconds [static and dynamic dependencies]. Details - ImportResultOutputID=e03a9edf4293f69487b2e82444f5133a DependenciesID=0ebf98aa4cbfdbea24e41b24657e20e8 StaticDependenciesID=29b9f17b09cf755a8f8616a8d4d607e6 
Number of updated asset objects reloaded before import = 0
Number of asset objects unloaded after import = 0
========================================================================
Received Import Request.
  Time of request: 2026-09-10T11:09:00.745938Z
  Time since last request: 0.0003989 seconds.
  importAddress: GUID: 9b1a5759726ef9d39a0ab82047b615f1 - Path: Packages/com.unity.modules.hierarchycore/package.json - Importer: ScriptedImporter/UnityEditor.QuickSearchModule:UnityEditor.Search:ASIAI0B
Importing 'GUID: 9b1a5759726ef9d39a0ab82047b615f1 - Path: Packages/com.unity.modules.hierarchycore/package.json - Importer: ScriptedImporter/UnityEditor.QuickSearchModule:UnityEditor.Search:ASIAI0B' with importer (ScriptedImporter : UnityEditor.QuickSearchModule:UnityEditor.Search:ASIAI0B)
Imported 'GUID: 9b1a5759726ef9d39a0ab82047b615f1' -> (Import Result ID: '3710dc2d4eb2dfcc11d3f79ad0f0c0dc') in 0.003 seconds [static and dynamic dependencies]. Details - ImportResultOutputID=19f570afea9b888afe06e6aa276a872e DependenciesID=c909f8c6a65121a971da3658eac7cf7b StaticDependenciesID=c0251f123f56545e175e44a9c3bd92c1 
Number of updated asset objects reloaded before import = 0
Number of asset objects unloaded after import = 1
========================================================================
Received Import Request.
  Time of request: 2026-09-10T11:09:00.7497031Z
  Time since last request: 0.000226 seconds.
  importAddress: GUID: c82e859b16636ddd2ca4a1f63fd34938 - Path: Packages/com.unity.modules.androidjni/package.ModuleCompilationTrigger - Importer: ScriptedImporter/UnityEditor.QuickSearchModule:UnityEditor.Search:ASIAI0B
Importing 'GUID: c82e859b16636ddd2ca4a1f63fd34938 - Path: Packages/com.unity.modules.androidjni/package.ModuleCompilationTrigger - Importer: ScriptedImporter/UnityEditor.QuickSearchModule:UnityEditor.Search:ASIAI0B' with importer (ScriptedImporter : UnityEditor.QuickSearchModule:UnityEditor.Search:ASIAI0B)
Imported 'GUID: c82e859b16636ddd2ca4a1f63fd34938' -> (Import Result ID: '8f3b1fe145c78b08ea97e51723065da2') in 0.004 seconds [static and dynamic dependencies]. Details - ImportResultOutputID=5dc2cc99660487f1b6d259b1d2b5493d DependenciesID=15ceb2d158639abc81ac6012baab6d32 StaticDependenciesID=3c85765e871405360eb6bfd56717e9d9 
Number of updated asset objects reloaded before import = 0
Number of asset objects unloaded after import = 1
========================================================================
Received Import Request.
  Time of request: 2026-09-10T11:09:00.7541725Z
  Time since last request: 0.0003048 seconds.
  importAddress: GUID: 0423146d9f51c4563a0f2a8200b6cd38 - Path: Packages/com.unity.multiplayer.center/Editor/MultiplayerCenterWindow/UI/Icons/PackageInstalled@2x.png - Importer: ScriptedImporter/UnityEditor.QuickSearchModule:UnityEditor.Search:ASIAI0B
Importing 'GUID: 0423146d9f51c4563a0f2a8200b6cd38 - Path: Packages/com.unity.multiplayer.center/Editor/MultiplayerCenterWindow/UI/Icons/PackageInstalled@2x.png - Importer: ScriptedImporter/UnityEditor.QuickSearchModule:UnityEditor.Search:ASIAI0B' with importer (ScriptedImporter : UnityEditor.QuickSearchModule:UnityEditor.Search:ASIAI0B)
Imported 'GUID: 0423146d9f51c4563a0f2a8200b6cd38' -> (Import Result ID: '644fa9d27495ae9aba22bf610ae2b5aa') in 0.006 seconds [static and dynamic dependencies]. Details - ImportResultOutputID=5ca8a29147ca36ffdd4accbb049fd9b6 DependenciesID=458d3609582f70601b067ba2a696004a StaticDependenciesID=b8b968fc5596f1db774620a7cbbdd8f1 
Number of updated asset objects reloaded before import = 0
Number of asset objects unloaded after import = 1
========================================================================
Received Import Request.
  Time of request: 2026-09-10T11:09:00.760636Z
  Time since last request: 0.0003064 seconds.
  importAddress: GUID: 4c413a81cadcce7038e446e56570117e - Path: Packages/com.unity.modules.adaptiveperformance/package.json - Importer: ScriptedImporter/UnityEditor.QuickSearchModule:UnityEditor.Search:ASIAI0B
Importing 'GUID: 4c413a81cadcce7038e446e56570117e - Path: Packages/com.unity.modules.adaptiveperformance/package.json - Importer: ScriptedImporter/UnityEditor.QuickSearchModule:UnityEditor.Search:ASIAI0B' with importer (ScriptedImporter : UnityEditor.QuickSearchModule:UnityEditor.Search:ASIAI0B)
Imported 'GUID: 4c413a81cadcce7038e446e56570117e' -> (Import Result ID: 'd6ad214878fa4b3a7d78a2ec83f306d9') in 0.002 seconds [static and dynamic dependencies]. Details - ImportResultOutputID=26b93924e912a6132b98fd83d10554f1 DependenciesID=0522fdef959f075715f8240f84a74a1c StaticDependenciesID=7940d73867baf2fb14393bf86bb7e0f8 
Number of updated asset objects reloaded before import = 0
Number of asset objects unloaded after import = 1
========================================================================
Received Import Request.
  Time of request: 2026-09-10T11:09:00.7633512Z
  Time since last request: 0.0002247 seconds.
  importAddress: GUID: 8d4bc6bfa28760b29f13174d6b6ea710 - Path: Packages/com.unity.modules.subsystems/package.ModuleCompilationTrigger - Importer: ScriptedImporter/UnityEditor.QuickSearchModule:UnityEditor.Search:ASIAI0B
Importing 'GUID: 8d4bc6bfa28760b29f13174d6b6ea710 - Path: Packages/com.unity.modules.subsystems/package.ModuleCompilationTrigger - Importer: ScriptedImporter/UnityEditor.QuickSearchModule:UnityEditor.Search:ASIAI0B' with importer (ScriptedImporter : UnityEditor.QuickSearchModule:UnityEditor.Search:ASIAI0B)
Imported 'GUID: 8d4bc6bfa28760b29f13174d6b6ea710' -> (Import Result ID: '8ea346d2408bf45d2c550b7dd460004a') in 0.004 seconds [static and dynamic dependencies]. Details - ImportResultOutputID=54efde8cc9b9ce67d1b37af6fcd8c7d6 DependenciesID=e8246deba088f5278f08ba7a5f1bc462 StaticDependenciesID=569c3bbc6c705a7e74b59b6b04cd2a88 
Number of updated asset objects reloaded before import = 0
Number of asset objects unloaded after import = 1
========================================================================
Received Import Request.
  Time of request: 2026-09-10T11:09:00.7676676Z
  Time since last request: 0.0003961 seconds.
  importAddress: GUID: 082fbee38a82835433261a5e9c00e267 - Path: Packages/com.unity.modules.cloth/package.ModuleCompilationTrigger - Importer: ScriptedImporter/UnityEditor.QuickSearchModule:UnityEditor.Search:ASIAI0B
Importing 'GUID: 082fbee38a82835433261a5e9c00e267 - Path: Packages/com.unity.modules.cloth/package.ModuleCompilationTrigger - Importer: ScriptedImporter/UnityEditor.QuickSearchModule:UnityEditor.Search:ASIAI0B' with importer (ScriptedImporter : UnityEditor.QuickSearchModule:UnityEditor.Search:ASIAI0B)
Imported 'GUID: 082fbee38a82835433261a5e9c00e267' -> (Import Result ID: '02cd5facdb805a91c5f14d44b7ccc7fd') in 0.004 seconds [static and dynamic dependencies]. Details - ImportResultOutputID=050b8ebc26837811404b17abfe1da96e DependenciesID=6c464e779d573d558278c25ac805e934 StaticDependenciesID=88a1ddda8b89766c5359df6f48efd9a6 
Number of updated asset objects reloaded before import = 0
Number of asset objects unloaded after import = 1
========================================================================
Received Import Request.
  Time of request: 2026-09-10T11:09:00.771821Z
  Time since last request: 0.0004194 seconds.
  importAddress: GUID: 51fa60bb2bd1e5bc74e8cc95a7bfd5b7 - Path: Packages/com.unity.modules.ui/package.ModuleCompilationTrigger - Importer: ScriptedImporter/UnityEditor.QuickSearchModule:UnityEditor.Search:ASIAI0B
Importing 'GUID: 51fa60bb2bd1e5bc74e8cc95a7bfd5b7 - Path: Packages/com.unity.modules.ui/package.ModuleCompilationTrigger - Importer: ScriptedImporter/UnityEditor.QuickSearchModule:UnityEditor.Search:ASIAI0B' with importer (ScriptedImporter : UnityEditor.QuickSearchModule:UnityEditor.Search:ASIAI0B)
Imported 'GUID: 51fa60bb2bd1e5bc74e8cc95a7bfd5b7' -> (Import Result ID: 'f9f246add903ae58693bd62d7d9acbb1') in 0.003 seconds [static and dynamic dependencies]. Details - ImportResultOutputID=bad948c71ea81fdef46e33154d282ea8 DependenciesID=597d32e37f6557ebfd049b5460075418 StaticDependenciesID=d430922f28c211a71b68c77eb4a36b35 
Number of updated asset objects reloaded before import = 0
Number of asset objects unloaded after import = 1
========================================================================
Received Import Request.
  Time of request: 2026-09-10T11:09:00.7752977Z
  Time since last request: 0.0004605 seconds.
  importAddress: GUID: 424a8de5def3b46dcb08edd00ad1c7bd - Path: Packages/com.unity.multiplayer.center/Editor/MultiplayerCenterWindow/UI/Icons/Loading.png - Importer: ScriptedImporter/UnityEditor.QuickSearchModule:UnityEditor.Search:ASIAI0B
Importing 'GUID: 424a8de5def3b46dcb08edd00ad1c7bd - Path: Packages/com.unity.multiplayer.center/Editor/MultiplayerCenterWindow/UI/Icons/Loading.png - Importer: ScriptedImporter/UnityEditor.QuickSearchModule:UnityEditor.Search:ASIAI0B' with importer (ScriptedImporter : UnityEditor.QuickSearchModule:UnityEditor.Search:ASIAI0B)
Imported 'GUID: 424a8de5def3b46dcb08edd00ad1c7bd' -> (Import Result ID: 'fe1db9dce3d50cb66b4c7159b1ee0527') in 0.007 seconds [static and dynamic dependencies]. Details - ImportResultOutputID=af8a8e2c3e088a0aceac8e181445c796 DependenciesID=9c9e1147231a76a1e866d51c75c4964b StaticDependenciesID=a113de49139d94e7b3d884910f075426 
Number of updated asset objects reloaded before import = 0
Number of asset objects unloaded after import = 1
========================================================================
Received Import Request.
  Time of request: 2026-09-10T11:09:00.7826305Z
  Time since last request: 0.0003928 seconds.
  importAddress: GUID: 17f093324b67f5bd57e55b546736750e - Path: Packages/com.unity.modules.particlesystem/package.ModuleCompilationTrigger - Importer: ScriptedImporter/UnityEditor.QuickSearchModule:UnityEditor.Search:ASIAI0B
Importing 'GUID: 17f093324b67f5bd57e55b546736750e - Path: Packages/com.unity.modules.particlesystem/package.ModuleCompilationTrigger - Importer: ScriptedImporter/UnityEditor.QuickSearchModule:UnityEditor.Search:ASIAI0B' with importer (ScriptedImporter : UnityEditor.QuickSearchModule:UnityEditor.Search:ASIAI0B)
Imported 'GUID: 17f093324b67f5bd57e55b546736750e' -> (Import Result ID: 'e695e969ffdc8737ba748a9a860a0172') in 0.002 seconds [static and dynamic dependencies]. Details - ImportResultOutputID=bc87031e30a0342944f3f194172fabe0 DependenciesID=9e7418bc7662d7a179d81afc10ffa9dd StaticDependenciesID=43d1286c8a495a5366ac3881b722e1a0 
Number of updated asset objects reloaded before import = 0
Number of asset objects unloaded after import = 1
========================================================================
Received Import Request.
  Time of request: 2026-09-10T11:09:00.7854673Z
  Time since last request: 0.0003209 seconds.
  importAddress: GUID: 87d720faa37005c08600090e04d8c739 - Path: Packages/com.unity.modules.particlesystem/package.json - Importer: ScriptedImporter/UnityEditor.QuickSearchModule:UnityEditor.Search:ASIAI0B
Importing 'GUID: 87d720faa37005c08600090e04d8c739 - Path: Packages/com.unity.modules.particlesystem/package.json - Importer: ScriptedImporter/UnityEditor.QuickSearchModule:UnityEditor.Search:ASIAI0B' with importer (ScriptedImporter : UnityEditor.QuickSearchModule:UnityEditor.Search:ASIAI0B)
Imported 'GUID: 87d720faa37005c08600090e04d8c739' -> (Import Result ID: '4b5d13794b7ec8426663d267ce572f15') in 0.003 seconds [static and dynamic dependencies]. Details - ImportResultOutputID=7e450ad2be1faf29a28a98faebadbd7a DependenciesID=16601a0d583a68121c247125436b68be StaticDependenciesID=5ede4ba35b12b052d735c01b212ebba6 
Number of updated asset objects reloaded before import = 0
Number of asset objects unloaded after import = 1
========================================================================
Received Import Request.
  Time of request: 2026-09-10T11:09:00.7888565Z
  Time since last request: 0.0002275 seconds.
  importAddress: GUID: 83b28bcaaf34b4fd580114fb05d9f160 - Path: Packages/com.unity.multiplayer.center/Editor/MultiplayerCenterWindow/UI/Icons/NGO@2x.png - Importer: ScriptedImporter/UnityEditor.QuickSearchModule:UnityEditor.Search:ASIAI0B
Importing 'GUID: 83b28bcaaf34b4fd580114fb05d9f160 - Path: Packages/com.unity.multiplayer.center/Editor/MultiplayerCenterWindow/UI/Icons/NGO@2x.png - Importer: ScriptedImporter/UnityEditor.QuickSearchModule:UnityEditor.Search:ASIAI0B' with importer (ScriptedImporter : UnityEditor.QuickSearchModule:UnityEditor.Search:ASIAI0B)
Imported 'GUID: 83b28bcaaf34b4fd580114fb05d9f160' -> (Import Result ID: 'ddb17cae617506f9de65391f2bd21f78') in 0.005 seconds [static and dynamic dependencies]. Details - ImportResultOutputID=4434391be99c7b971593ba4d956c01d0 DependenciesID=8513c83985a9ffebadc1da35fa09b04b StaticDependenciesID=186a0fb58d5f65b966ba7a09d7a76845 
Number of updated asset objects reloaded before import = 0
Number of asset objects unloaded after import = 1
========================================================================
Received Import Request.
  Time of request: 2026-09-10T11:09:00.7946377Z
  Time since last request: 0.0002392 seconds.
  importAddress: GUID: e2d09a26ce46dc617b54e49a534ace20 - Path: Packages/com.unity.modules.ai/package.ModuleCompilationTrigger - Importer: ScriptedImporter/UnityEditor.QuickSearchModule:UnityEditor.Search:ASIAI0B
Importing 'GUID: e2d09a26ce46dc617b54e49a534ace20 - Path: Packages/com.unity.modules.ai/package.ModuleCompilationTrigger - Importer: ScriptedImporter/UnityEditor.QuickSearchModule:UnityEditor.Search:ASIAI0B' with importer (ScriptedImporter : UnityEditor.QuickSearchModule:UnityEditor.Search:ASIAI0B)
Imported 'GUID: e2d09a26ce46dc617b54e49a534ace20' -> (Import Result ID: '4318a4e31d5482e8540b2ce8a377ab67') in 0.002 seconds [static and dynamic dependencies]. Details - ImportResultOutputID=547e27b058eaa5364c9ceb9ce37ab7d0 DependenciesID=1035214cb823621b25616822e4193abb StaticDependenciesID=de0e16b6698c943820e262034e0a0b92 
Number of updated asset objects reloaded before import = 0
Number of asset objects unloaded after import = 1
========================================================================
Received Import Request.
  Time of request: 2026-09-10T11:09:00.7972999Z
  Time since last request: 0.000202 seconds.
  importAddress: GUID: c88e90bad18cceb5d182d0c805883056 - Path: Packages/com.unity.modules.director/package.ModuleCompilationTrigger - Importer: ScriptedImporter/UnityEditor.QuickSearchModule:UnityEditor.Search:ASIAI0B
Importing 'GUID: c88e90bad18cceb5d182d0c805883056 - Path: Packages/com.unity.modules.director/package.ModuleCompilationTrigger - Importer: ScriptedImporter/UnityEditor.QuickSearchModule:UnityEditor.Search:ASIAI0B' with importer (ScriptedImporter : UnityEditor.QuickSearchModule:UnityEditor.Search:ASIAI0B)
Imported 'GUID: c88e90bad18cceb5d182d0c805883056' -> (Import Result ID: '6ed3e0d45b0c39e74871da7354d78b6c') in 0.002 seconds [static and dynamic dependencies]. Details - ImportResultOutputID=868a6f82aa4cf9036de256cbf8eae98b DependenciesID=661a6a9167d205b7fec5f802ed56672d StaticDependenciesID=b9553544096cd428095952b321ff59d9 
Number of updated asset objects reloaded before import = 0
Number of asset objects unloaded after import = 1
========================================================================
Received Import Request.
  Time of request: 2026-09-10T11:09:00.7999216Z
  Time since last request: 0.0002545 seconds.
  importAddress: GUID: dd70cd654275d47db807e918055e004f - Path: Packages/com.unity.multiplayer.center/Editor/MultiplayerCenterWindow/UI/Icons/Questionnaire.png - Importer: ScriptedImporter/UnityEditor.QuickSearchModule:UnityEditor.Search:ASIAI0B
Importing 'GUID: dd70cd654275d47db807e918055e004f - Path: Packages/com.unity.multiplayer.center/Editor/MultiplayerCenterWindow/UI/Icons/Questionnaire.png - Importer: ScriptedImporter/UnityEditor.QuickSearchModule:UnityEditor.Search:ASIAI0B' with importer (ScriptedImporter : UnityEditor.QuickSearchModule:UnityEditor.Search:ASIAI0B)
Imported 'GUID: dd70cd654275d47db807e918055e004f' -> (Import Result ID: '687e91c3be06745bb226b588c021c48f') in 0.009 seconds [static and dynamic dependencies]. Details - ImportResultOutputID=4125c9150ac972e3bd8a4613d02bd5ec DependenciesID=5da5327a5040e98d13540d01071e51a4 StaticDependenciesID=f540ff7dd05132686cedd5dd4610aefe 
Number of updated asset objects reloaded before import = 0
Number of asset objects unloaded after import = 1
========================================================================
Received Import Request.
  Time of request: 2026-09-10T11:09:00.8092646Z
  Time since last request: 0.0004812 seconds.
  importAddress: GUID: 906c12bc9cd95d3963c6d58f62522c78 - Path: Packages/com.unity.modules.cloth/package.json - Importer: ScriptedImporter/UnityEditor.QuickSearchModule:UnityEditor.Search:ASIAI0B
Importing 'GUID: 906c12bc9cd95d3963c6d58f62522c78 - Path: Packages/com.unity.modules.cloth/package.json - Importer: ScriptedImporter/UnityEditor.QuickSearchModule:UnityEditor.Search:ASIAI0B' with importer (ScriptedImporter : UnityEditor.QuickSearchModule:UnityEditor.Search:ASIAI0B)
Imported 'GUID: 906c12bc9cd95d3963c6d58f62522c78' -> (Import Result ID: 'caeb0c6fb8784ea01ceaddc37b5dabf5') in 0.003 seconds [static and dynamic dependencies]. Details - ImportResultOutputID=31dd7a7a3a3fa5f5f014f6557229d168 DependenciesID=5af902cac4117455f8eef68c527b4efa StaticDependenciesID=8b26a6fd47f8403fbc39887a08c6c291 
Number of updated asset objects reloaded before import = 0
Number of asset objects unloaded after import = 1
========================================================================
Received Import Request.
  Time of request: 2026-09-10T11:09:00.8131105Z
  Time since last request: 0.0003048 seconds.
  importAddress: GUID: a2c71c02b50345e99168bda191ec01b4 - Path: Packages/com.unity.multiplayer.center/Editor/MultiplayerCenterWindow/UI/RecommendationView/RecommendationView.cs - Importer: ScriptedImporter/UnityEditor.QuickSearchModule:UnityEditor.Search:ASIAI0B
Importing 'GUID: a2c71c02b50345e99168bda191ec01b4 - Path: Packages/com.unity.multiplayer.center/Editor/MultiplayerCenterWindow/UI/RecommendationView/RecommendationView.cs - Importer: ScriptedImporter/UnityEditor.QuickSearchModule:UnityEditor.Search:ASIAI0B' with importer (ScriptedImporter : UnityEditor.QuickSearchModule:UnityEditor.Search:ASIAI0B)
Imported 'GUID: a2c71c02b50345e99168bda191ec01b4' -> (Import Result ID: '8296466e4926bfe72e50bcd0e9b75877') in 0.003 seconds [static and dynamic dependencies]. Details - ImportResultOutputID=a717f8f00d7ea0d469cfa8e95da1e513 DependenciesID=2570c5d370ac8985113efb3e03ff846b StaticDependenciesID=c25869886ab8186974bc707f6a32a844 
Number of updated asset objects reloaded before import = 0
Number of asset objects unloaded after import = 0
========================================================================
Received Import Request.
  Time of request: 2026-09-10T11:09:00.8166615Z
  Time since last request: 0.0002417 seconds.
  importAddress: GUID: 1af35a910338381f753e8a985eb5daab - Path: Packages/com.unity.modules.adaptiveperformance/package.ModuleCompilationTrigger - Importer: ScriptedImporter/UnityEditor.QuickSearchModule:UnityEditor.Search:ASIAI0B
Importing 'GUID: 1af35a910338381f753e8a985eb5daab - Path: Packages/com.unity.modules.adaptiveperformance/package.ModuleCompilationTrigger - Importer: ScriptedImporter/UnityEditor.QuickSearchModule:UnityEditor.Search:ASIAI0B' with importer (ScriptedImporter : UnityEditor.QuickSearchModule:UnityEditor.Search:ASIAI0B)
Imported 'GUID: 1af35a910338381f753e8a985eb5daab' -> (Import Result ID: 'c39dc9f28b1c01395ab0e65739962c58') in 0.002 seconds [static and dynamic dependencies]. Details - ImportResultOutputID=85e7bfbbbd0a82ced4a94a69e945cc30 DependenciesID=045fa7ad7781343838abebca4d4ec0ea StaticDependenciesID=8189203b1cab84e876f3f0a02e2b20da 
Number of updated asset objects reloaded before import = 0
Number of asset objects unloaded after import = 1
========================================================================
Received Import Request.
  Time of request: 2026-09-10T11:09:00.8194415Z
  Time since last request: 0.0003246 seconds.
  importAddress: GUID: 43674d438e19b89d7fe6af07234f3252 - Path: Packages/com.unity.modules.accessibility/package.json - Importer: ScriptedImporter/UnityEditor.QuickSearchModule:UnityEditor.Search:ASIAI0B
Importing 'GUID: 43674d438e19b89d7fe6af07234f3252 - Path: Packages/com.unity.modules.accessibility/package.json - Importer: ScriptedImporter/UnityEditor.QuickSearchModule:UnityEditor.Search:ASIAI0B' with importer (ScriptedImporter : UnityEditor.QuickSearchModule:UnityEditor.Search:ASIAI0B)
Imported 'GUID: 43674d438e19b89d7fe6af07234f3252' -> (Import Result ID: '9b33bd1199a8f909e1d364f183c6392c') in 0.003 seconds [static and dynamic dependencies]. Details - ImportResultOutputID=56edcbbc812c59b9c901f44b572f5aed DependenciesID=05e43597791aae7eff98c559906b51b0 StaticDependenciesID=037655a9c50dc1bb97a2cc078a92fcf1 
Number of updated asset objects reloaded before import = 0
Number of asset objects unloaded after import = 1
========================================================================
Received Import Request.
  Time of request: 2026-09-10T11:09:00.8232286Z
  Time since last request: 0.0002224 seconds.
  importAddress: GUID: 2adec19fac7df68adf1fd6eb83197bb1 - Path: Packages/com.unity.modules.wind/package.ModuleCompilationTrigger - Importer: ScriptedImporter/UnityEditor.QuickSearchModule:UnityEditor.Search:ASIAI0B
Importing 'GUID: 2adec19fac7df68adf1fd6eb83197bb1 - Path: Packages/com.unity.modules.wind/package.ModuleCompilationTrigger - Importer: ScriptedImporter/UnityEditor.QuickSearchModule:UnityEditor.Search:ASIAI0B' with importer (ScriptedImporter : UnityEditor.QuickSearchModule:UnityEditor.Search:ASIAI0B)
Imported 'GUID: 2adec19fac7df68adf1fd6eb83197bb1' -> (Import Result ID: '2f6f8dd29654ecbb2eae3cafd1a1bea3') in 0.003 seconds [static and dynamic dependencies]. Details - ImportResultOutputID=b47ba42677bf11374fd4d8ad3370db1d DependenciesID=28278c9ceb0a6a617e556612d76e1fe8 StaticDependenciesID=958681de67dfe767159dedd7d55526a9 
Number of updated asset objects reloaded before import = 0
Number of asset objects unloaded after import = 1
========================================================================
Received Import Request.
  Time of request: 2026-09-10T11:09:00.8267896Z
  Time since last request: 0.0003096 seconds.
  importAddress: GUID: bfd567a3d1631a761bca9e99fa53d86d - Path: Packages/com.unity.modules.ui/package.json - Importer: ScriptedImporter/UnityEditor.QuickSearchModule:UnityEditor.Search:ASIAI0B
Importing 'GUID: bfd567a3d1631a761bca9e99fa53d86d - Path: Packages/com.unity.modules.ui/package.json - Importer: ScriptedImporter/UnityEditor.QuickSearchModule:UnityEditor.Search:ASIAI0B' with importer (ScriptedImporter : UnityEditor.QuickSearchModule:UnityEditor.Search:ASIAI0B)
Imported 'GUID: bfd567a3d1631a761bca9e99fa53d86d' -> (Import Result ID: '9105d95933267e4113287eea20721c1d') in 0.002 seconds [static and dynamic dependencies]. Details - ImportResultOutputID=535e837982cd83956565cec6e166b6c8 DependenciesID=81cf9cca0b0c4b51d58de28dc4cb993b StaticDependenciesID=eb56d7a43481864f19527ece3cab670b 
Number of updated asset objects reloaded before import = 0
Number of asset objects unloaded after import = 1
========================================================================
Received Import Request.
  Time of request: 2026-09-10T11:09:00.8294594Z
  Time since last request: 0.0003191 seconds.
  importAddress: GUID: d104359075a97392b803d3d5aebc77f7 - Path: Packages/com.unity.modules.hierarchycore/package.ModuleCompilationTrigger - Importer: ScriptedImporter/UnityEditor.QuickSearchModule:UnityEditor.Search:ASIAI0B
Importing 'GUID: d104359075a97392b803d3d5aebc77f7 - Path: Packages/com.unity.modules.hierarchycore/package.ModuleCompilationTrigger - Importer: ScriptedImporter/UnityEditor.QuickSearchModule:UnityEditor.Search:ASIAI0B' with importer (ScriptedImporter : UnityEditor.QuickSearchModule:UnityEditor.Search:ASIAI0B)
Imported 'GUID: d104359075a97392b803d3d5aebc77f7' -> (Import Result ID: '4481b59148c985045044932aa5023f8f') in 0.002 seconds [static and dynamic dependencies]. Details - ImportResultOutputID=d67b7693b5c99ce943935f5ca7f36e19 DependenciesID=83184813ffa13f062e2fc2ca9b238ad7 StaticDependenciesID=777bf9f5a809c118b4172931b316133a 
Number of updated asset objects reloaded before import = 0
Number of asset objects unloaded after import = 1
========================================================================
Received Import Request.
  Time of request: 2026-09-10T11:09:00.8321611Z
  Time since last request: 0.0003033 seconds.
  importAddress: GUID: f62135e79edb837b2d2ee3c524da864c - Path: Packages/com.unity.modules.video/package.ModuleCompilationTrigger - Importer: ScriptedImporter/UnityEditor.QuickSearchModule:UnityEditor.Search:ASIAI0B
Importing 'GUID: f62135e79edb837b2d2ee3c524da864c - Path: Packages/com.unity.modules.video/package.ModuleCompilationTrigger - Importer: ScriptedImporter/UnityEditor.QuickSearchModule:UnityEditor.Search:ASIAI0B' with importer (ScriptedImporter : UnityEditor.QuickSearchModule:UnityEditor.Search:ASIAI0B)
Imported 'GUID: f62135e79edb837b2d2ee3c524da864c' -> (Import Result ID: '5df1c6ed736e5adf85b8ce3d97aa2523') in 0.002 seconds [static and dynamic dependencies]. Details - ImportResultOutputID=b46c5491b85c2f734192b348f39cc389 DependenciesID=706c3af2c691725a8b7b6aee4b13403a StaticDependenciesID=77f880c9639ef67321a05e3418e574a7 
Number of updated asset objects reloaded before import = 0
Number of asset objects unloaded after import = 1
========================================================================
Received Import Request.
  Time of request: 2026-09-10T11:09:00.8350497Z
  Time since last request: 0.0003396 seconds.
  importAddress: GUID: 4616b2fa4acd1429e931835b80966c2a - Path: Packages/com.unity.multiplayer.center/Editor/MultiplayerCenterWindow/UI/Icons/PackageInstalled.png - Importer: ScriptedImporter/UnityEditor.QuickSearchModule:UnityEditor.Search:ASIAI0B
Importing 'GUID: 4616b2fa4acd1429e931835b80966c2a - Path: Packages/com.unity.multiplayer.center/Editor/MultiplayerCenterWindow/UI/Icons/PackageInstalled.png - Importer: ScriptedImporter/UnityEditor.QuickSearchModule:UnityEditor.Search:ASIAI0B' with importer (ScriptedImporter : UnityEditor.QuickSearchModule:UnityEditor.Search:ASIAI0B)
Imported 'GUID: 4616b2fa4acd1429e931835b80966c2a' -> (Import Result ID: 'ee2da07ff37003ebd67b074279fbfb74') in 0.007 seconds [static and dynamic dependencies]. Details - ImportResultOutputID=383f80433ed9da5f14c3ae52a69fe2d0 DependenciesID=112aea884fe5abdbb817c5b697986204 StaticDependenciesID=a41e42d29cc9b29a4873d0074c0d3770 
Number of updated asset objects reloaded before import = 0
Number of asset objects unloaded after import = 1
========================================================================
Received Import Request.
  Time of request: 2026-09-10T11:09:00.8429428Z
  Time since last request: 0.000433 seconds.
  importAddress: GUID: f7a8357347c80dc69c08d0b1a05e2122 - Path: Packages/com.unity.modules.physics2d/package.json - Importer: ScriptedImporter/UnityEditor.QuickSearchModule:UnityEditor.Search:ASIAI0B
Importing 'GUID: f7a8357347c80dc69c08d0b1a05e2122 - Path: Packages/com.unity.modules.physics2d/package.json - Importer: ScriptedImporter/UnityEditor.QuickSearchModule:UnityEditor.Search:ASIAI0B' with importer (ScriptedImporter : UnityEditor.QuickSearchModule:UnityEditor.Search:ASIAI0B)
Imported 'GUID: f7a8357347c80dc69c08d0b1a05e2122' -> (Import Result ID: '4b9083db6d1d709d23cf0a156339f059') in 0.003 seconds [static and dynamic dependencies]. Details - ImportResultOutputID=d32e34ab2970d9b4564fdf9d4ebf2107 DependenciesID=9ccd2045371a0cad3ea3a29568ee3c14 StaticDependenciesID=99e97b2da3a6c93e6e8d10ac4c913cff 
Number of updated asset objects reloaded before import = 0
Number of asset objects unloaded after import = 1
========================================================================
Received Import Request.
  Time of request: 2026-09-10T11:09:00.8465882Z
  Time since last request: 0.000306 seconds.
  importAddress: GUID: 05f7f519769978b79b31d063a7fc6fa1 - Path: Packages/com.unity.modules.unitywebrequestassetbundle/package.json - Importer: ScriptedImporter/UnityEditor.QuickSearchModule:UnityEditor.Search:ASIAI0B
Importing 'GUID: 05f7f519769978b79b31d063a7fc6fa1 - Path: Packages/com.unity.modules.unitywebrequestassetbundle/package.json - Importer: ScriptedImporter/UnityEditor.QuickSearchModule:UnityEditor.Search:ASIAI0B' with importer (ScriptedImporter : UnityEditor.QuickSearchModule:UnityEditor.Search:ASIAI0B)
Imported 'GUID: 05f7f519769978b79b31d063a7fc6fa1' -> (Import Result ID: 'b3fd1999ad19aa8973685ec77d6fd871') in 0.003 seconds [static and dynamic dependencies]. Details - ImportResultOutputID=b3b5246fc874beba2260b52073754053 DependenciesID=951c33b8d7927e4ca72361149b13434e StaticDependenciesID=72deb678d61652e5c51ef7d01fbf0602 
Number of updated asset objects reloaded before import = 0
Number of asset objects unloaded after import = 1
========================================================================
Received Import Request.
  Time of request: 2026-09-10T11:09:00.850216Z
  Time since last request: 0.0002442 seconds.
  importAddress: GUID: e9669051ff70449b5923861e0e0b8838 - Path: Packages/com.unity.multiplayer.center/Editor/MultiplayerCenterWindow/UI/Icons/N4E.png - Importer: ScriptedImporter/UnityEditor.QuickSearchModule:UnityEditor.Search:ASIAI0B
Importing 'GUID: e9669051ff70449b5923861e0e0b8838 - Path: Packages/com.unity.multiplayer.center/Editor/MultiplayerCenterWindow/UI/Icons/N4E.png - Importer: ScriptedImporter/UnityEditor.QuickSearchModule:UnityEditor.Search:ASIAI0B' with importer (ScriptedImporter : UnityEditor.QuickSearchModule:UnityEditor.Search:ASIAI0B)
Imported 'GUID: e9669051ff70449b5923861e0e0b8838' -> (Import Result ID: '034a22712461461e2a425b7ea0952d5e') in 0.007 seconds [static and dynamic dependencies]. Details - ImportResultOutputID=5fbdf258deef9168adb5de8a873a4ea1 DependenciesID=e720f457198695aa2b03f2888f1e1351 StaticDependenciesID=7e943d6bfe3718c548bd7a4742ae247a 
Number of updated asset objects reloaded before import = 0
Number of asset objects unloaded after import = 1
========================================================================
Received Import Request.
  Time of request: 2026-09-10T11:09:00.8583589Z
  Time since last request: 0.0005238 seconds.
  importAddress: GUID: 5c1ee4056d0ac7ad3c5a16597fcaa38a - Path: Packages/com.unity.modules.physics/package.ModuleCompilationTrigger - Importer: ScriptedImporter/UnityEditor.QuickSearchModule:UnityEditor.Search:ASIAI0B
Importing 'GUID: 5c1ee4056d0ac7ad3c5a16597fcaa38a - Path: Packages/com.unity.modules.physics/package.ModuleCompilationTrigger - Importer: ScriptedImporter/UnityEditor.QuickSearchModule:UnityEditor.Search:ASIAI0B' with importer (ScriptedImporter : UnityEditor.QuickSearchModule:UnityEditor.Search:ASIAI0B)
Imported 'GUID: 5c1ee4056d0ac7ad3c5a16597fcaa38a' -> (Import Result ID: '7f4f558dfea2933f1998ae6266d37304') in 0.003 seconds [static and dynamic dependencies]. Details - ImportResultOutputID=36aabca04351881dd6a60a419540859f DependenciesID=cb934ef64b91b7f8225d1238d072ad7a StaticDependenciesID=a840f9a988ea0c472996846c059a3e0b 
Number of updated asset objects reloaded before import = 0
Number of asset objects unloaded after import = 1
========================================================================
Received Import Request.
  Time of request: 2026-09-10T11:09:00.8623398Z
  Time since last request: 0.0002216 seconds.
  importAddress: GUID: 1daed49eec0f94f7ebb36dfef6159884 - Path: Packages/com.unity.multiplayer.center/Editor/MultiplayerCenterWindow/UI/Icons/NoNetcode.png - Importer: ScriptedImporter/UnityEditor.QuickSearchModule:UnityEditor.Search:ASIAI0B
Importing 'GUID: 1daed49eec0f94f7ebb36dfef6159884 - Path: Packages/com.unity.multiplayer.center/Editor/MultiplayerCenterWindow/UI/Icons/NoNetcode.png - Importer: ScriptedImporter/UnityEditor.QuickSearchModule:UnityEditor.Search:ASIAI0B' with importer (ScriptedImporter : UnityEditor.QuickSearchModule:UnityEditor.Search:ASIAI0B)
Imported 'GUID: 1daed49eec0f94f7ebb36dfef6159884' -> (Import Result ID: 'eae722b9922a4d400a7cb23084c8c9d1') in 0.010 seconds [static and dynamic dependencies]. Details - ImportResultOutputID=c979a9862aa63246fb7ad132cd64e193 DependenciesID=ddba7cb5225ced0fe1c3f932846608e6 StaticDependenciesID=d37b9b0318743a3888abd2461e39d199 
Number of updated asset objects reloaded before import = 0
Number of asset objects unloaded after import = 1
========================================================================
Received Import Request.
  Time of request: 2026-09-10T11:09:00.8727199Z
  Time since last request: 0.0002751 seconds.
  importAddress: GUID: e5c46c19ce0ce2e0103aa6f82df1043a - Path: Packages/com.unity.modules.vehicles/package.ModuleCompilationTrigger - Importer: ScriptedImporter/UnityEditor.QuickSearchModule:UnityEditor.Search:ASIAI0B
Importing 'GUID: e5c46c19ce0ce2e0103aa6f82df1043a - Path: Packages/com.unity.modules.vehicles/package.ModuleCompilationTrigger - Importer: ScriptedImporter/UnityEditor.QuickSearchModule:UnityEditor.Search:ASIAI0B' with importer (ScriptedImporter : UnityEditor.QuickSearchModule:UnityEditor.Search:ASIAI0B)
Imported 'GUID: e5c46c19ce0ce2e0103aa6f82df1043a' -> (Import Result ID: '70198bfb742d0aa9fb9670aa446cf3d7') in 0.004 seconds [static and dynamic dependencies]. Details - ImportResultOutputID=df9699d4c1ab2d897d859600634631e9 DependenciesID=ef1dece6946ff18201b056891752ca42 StaticDependenciesID=d9e265e50840c485b23c82ea55fd048f 
Number of updated asset objects reloaded before import = 0
Number of asset objects unloaded after import = 1
========================================================================
Received Import Request.
  Time of request: 2026-09-10T11:09:00.8770327Z
  Time since last request: 0.0003215 seconds.
  importAddress: GUID: 830a36a23cf3ab1e61fa47940a6dc35e - Path: Packages/com.unity.modules.imageconversion/package.ModuleCompilationTrigger - Importer: ScriptedImporter/UnityEditor.QuickSearchModule:UnityEditor.Search:ASIAI0B
Importing 'GUID: 830a36a23cf3ab1e61fa47940a6dc35e - Path: Packages/com.unity.modules.imageconversion/package.ModuleCompilationTrigger - Importer: ScriptedImporter/UnityEditor.QuickSearchModule:UnityEditor.Search:ASIAI0B' with importer (ScriptedImporter : UnityEditor.QuickSearchModule:UnityEditor.Search:ASIAI0B)
Imported 'GUID: 830a36a23cf3ab1e61fa47940a6dc35e' -> (Import Result ID: 'a9b0ff27ae45a6749d9eb64814082ca7') in 0.003 seconds [static and dynamic dependencies]. Details - ImportResultOutputID=ef9707d48e7e71c65c11265396365b61 DependenciesID=38cf82cb7ffa21beb1715c9f32c5d883 StaticDependenciesID=3b9ee5531ac2f847fc383679976b6cdb 
Number of updated asset objects reloaded before import = 0
Number of asset objects unloaded after import = 1
========================================================================
Received Import Request.
  Time of request: 2026-09-10T11:09:00.8802356Z
  Time since last request: 0.000339 seconds.
  importAddress: GUID: db8e609a39b9b231fccc54e5fa4cbd1b - Path: Packages/com.unity.modules.animation/package.ModuleCompilationTrigger - Importer: ScriptedImporter/UnityEditor.QuickSearchModule:UnityEditor.Search:ASIAI0B
Importing 'GUID: db8e609a39b9b231fccc54e5fa4cbd1b - Path: Packages/com.unity.modules.animation/package.ModuleCompilationTrigger - Importer: ScriptedImporter/UnityEditor.QuickSearchModule:UnityEditor.Search:ASIAI0B' with importer (ScriptedImporter : UnityEditor.QuickSearchModule:UnityEditor.Search:ASIAI0B)
Imported 'GUID: db8e609a39b9b231fccc54e5fa4cbd1b' -> (Import Result ID: '1792aedb7c04988eaba5e6fad3570531') in 0.002 seconds [static and dynamic dependencies]. Details - ImportResultOutputID=42cc02664f954ba9ace99cdea12d5a68 DependenciesID=bbd9936e29c923d86187d9f4a6f6d835 StaticDependenciesID=18c559ea1b684bdd6c130f5af90cb966 
Number of updated asset objects reloaded before import = 0
Number of asset objects unloaded after import = 1
========================================================================
Received Import Request.
  Time of request: 2026-09-10T11:09:00.882831Z
  Time since last request: 0.0002457 seconds.
  importAddress: GUID: 953fab16d15d5885b3600fcd6388b2ad - Path: Packages/com.unity.modules.imageconversion/package.json - Importer: ScriptedImporter/UnityEditor.QuickSearchModule:UnityEditor.Search:ASIAI0B
Importing 'GUID: 953fab16d15d5885b3600fcd6388b2ad - Path: Packages/com.unity.modules.imageconversion/package.json - Importer: ScriptedImporter/UnityEditor.QuickSearchModule:UnityEditor.Search:ASIAI0B' with importer (ScriptedImporter : UnityEditor.QuickSearchModule:UnityEditor.Search:ASIAI0B)
Imported 'GUID: 953fab16d15d5885b3600fcd6388b2ad' -> (Import Result ID: '05093110d4ea85ca9f0d391674ff4de8') in 0.004 seconds [static and dynamic dependencies]. Details - ImportResultOutputID=d1e8660085f11dd98a1d2113a88a94a6 DependenciesID=564154946aa208f8717234d5aa58cfc6 StaticDependenciesID=1cdad6f07a9b9deaa88a0817f342f551 
Number of updated asset objects reloaded before import = 0
Number of asset objects unloaded after import = 1
========================================================================
Received Import Request.
  Time of request: 2026-09-10T11:09:00.8868196Z
  Time since last request: 0.0002546 seconds.
  importAddress: GUID: 1a4266815e998967becf686f9c71f0a6 - Path: Packages/com.unity.modules.physics/package.json - Importer: ScriptedImporter/UnityEditor.QuickSearchModule:UnityEditor.Search:ASIAI0B
Importing 'GUID: 1a4266815e998967becf686f9c71f0a6 - Path: Packages/com.unity.modules.physics/package.json - Importer: ScriptedImporter/UnityEditor.QuickSearchModule:UnityEditor.Search:ASIAI0B' with importer (ScriptedImporter : UnityEditor.QuickSearchModule:UnityEditor.Search:ASIAI0B)
Imported 'GUID: 1a4266815e998967becf686f9c71f0a6' -> (Import Result ID: 'ac4de548b17dada601dd130e4d2ab84f') in 0.003 seconds [static and dynamic dependencies]. Details - ImportResultOutputID=8fc8648caa1e6c217050500082f07716 DependenciesID=95b674003f4c756a7acade05afc5a3dc StaticDependenciesID=274dac7d81e2b3adde6dd4102751edd5 
Number of updated asset objects reloaded before import = 0
Number of asset objects unloaded after import = 1
========================================================================
Received Import Request.
  Time of request: 2026-09-10T11:09:00.890375Z
  Time since last request: 0.0004491 seconds.
  importAddress: GUID: 6afb166a156df2d20433d981f4bb2832 - Path: Packages/com.unity.modules.vehicles/package.json - Importer: ScriptedImporter/UnityEditor.QuickSearchModule:UnityEditor.Search:ASIAI0B
Importing 'GUID: 6afb166a156df2d20433d981f4bb2832 - Path: Packages/com.unity.modules.vehicles/package.json - Importer: ScriptedImporter/UnityEditor.QuickSearchModule:UnityEditor.Search:ASIAI0B' with importer (ScriptedImporter : UnityEditor.QuickSearchModule:UnityEditor.Search:ASIAI0B)
Imported 'GUID: 6afb166a156df2d20433d981f4bb2832' -> (Import Result ID: 'c72627f465311c4c974d3400035a6ef8') in 0.002 seconds [static and dynamic dependencies]. Details - ImportResultOutputID=c8a0d43e8e88fcc081110fe48a548397 DependenciesID=ebd2fb4877da9487b794885b894d8a93 StaticDependenciesID=26282f897037d7fbbde01816a59d34db 
Number of updated asset objects reloaded before import = 0
Number of asset objects unloaded after import = 1
========================================================================
Received Import Request.
  Time of request: 2026-09-10T11:09:00.8931569Z
  Time since last request: 0.0003035 seconds.
  importAddress: GUID: ec02776fe29df900b897106d61977735 - Path: Packages/com.unity.modules.director/package.json - Importer: ScriptedImporter/UnityEditor.QuickSearchModule:UnityEditor.Search:ASIAI0B
Importing 'GUID: ec02776fe29df900b897106d61977735 - Path: Packages/com.unity.modules.director/package.json - Importer: ScriptedImporter/UnityEditor.QuickSearchModule:UnityEditor.Search:ASIAI0B' with importer (ScriptedImporter : UnityEditor.QuickSearchModule:UnityEditor.Search:ASIAI0B)
Imported 'GUID: ec02776fe29df900b897106d61977735' -> (Import Result ID: 'e9683c937aa6d766781886fa7faad8d6') in 0.002 seconds [static and dynamic dependencies]. Details - ImportResultOutputID=8bff5428a8b174bd539f5a345708e1dc DependenciesID=0cc818965ad58818203c9fdf629e103f StaticDependenciesID=9c8015b3cb5d3832cc3059386072b4bf 
Number of updated asset objects reloaded before import = 0
Number of asset objects unloaded after import = 1
========================================================================
Received Import Request.
  Time of request: 2026-09-10T11:09:00.8959425Z
  Time since last request: 0.0002805 seconds.
  importAddress: GUID: b58a826ca804e4c67bab4283ad5a6102 - Path: Packages/com.unity.multiplayer.center/Editor/MultiplayerCenterWindow/UI/Icons/NoNetcode@2x.png - Importer: ScriptedImporter/UnityEditor.QuickSearchModule:UnityEditor.Search:ASIAI0B
Importing 'GUID: b58a826ca804e4c67bab4283ad5a6102 - Path: Packages/com.unity.multiplayer.center/Editor/MultiplayerCenterWindow/UI/Icons/NoNetcode@2x.png - Importer: ScriptedImporter/UnityEditor.QuickSearchModule:UnityEditor.Search:ASIAI0B' with importer (ScriptedImporter : UnityEditor.QuickSearchModule:UnityEditor.Search:ASIAI0B)
Imported 'GUID: b58a826ca804e4c67bab4283ad5a6102' -> (Import Result ID: '3e3eed22cd14a93df08a06cfbc8e33ab') in 0.008 seconds [static and dynamic dependencies]. Details - ImportResultOutputID=5cd6b90ae5a7e29a0a06cf6130f9c907 DependenciesID=1499b98b7c6d04096773f1c6c88b9c3e StaticDependenciesID=e7298d1f14d551db47311055c13bd348 
Number of updated asset objects reloaded before import = 0
Number of asset objects unloaded after import = 1
========================================================================
Received Import Request.
  Time of request: 2026-09-10T11:09:00.9048975Z
  Time since last request: 0.0002653 seconds.
  importAddress: GUID: bd1af0a6633ee94ae21c7d1d702cdc12 - Path: Packages/com.unity.modules.androidjni/package.json - Importer: ScriptedImporter/UnityEditor.QuickSearchModule:UnityEditor.Search:ASIAI0B
Importing 'GUID: bd1af0a6633ee94ae21c7d1d702cdc12 - Path: Packages/com.unity.modules.androidjni/package.json - Importer: ScriptedImporter/UnityEditor.QuickSearchModule:UnityEditor.Search:ASIAI0B' with importer (ScriptedImporter : UnityEditor.QuickSearchModule:UnityEditor.Search:ASIAI0B)
Imported 'GUID: bd1af0a6633ee94ae21c7d1d702cdc12' -> (Import Result ID: 'a32b915089fd6548644aaf42f92c1bbb') in 0.004 seconds [static and dynamic dependencies]. Details - ImportResultOutputID=83d1f44fa57404d640e255e77d059e4d DependenciesID=e5863674acb58382940b7481dead7769 StaticDependenciesID=dec2df146fdb7efdce1e5a2dc0156c94 
Number of updated asset objects reloaded before import = 0
Number of asset objects unloaded after import = 1
========================================================================
Received Import Request.
  Time of request: 2026-09-10T11:09:00.9100344Z
  Time since last request: 0.0005234 seconds.
  importAddress: GUID: 7ef8348b8ea834d7e1bc214b07f7fb87 - Path: Packages/com.unity.modules.animation/package.json - Importer: ScriptedImporter/UnityEditor.QuickSearchModule:UnityEditor.Search:ASIAI0B
Importing 'GUID: 7ef8348b8ea834d7e1bc214b07f7fb87 - Path: Packages/com.unity.modules.animation/package.json - Importer: ScriptedImporter/UnityEditor.QuickSearchModule:UnityEditor.Search:ASIAI0B' with importer (ScriptedImporter : UnityEditor.QuickSearchModule:UnityEditor.Search:ASIAI0B)
Imported 'GUID: 7ef8348b8ea834d7e1bc214b07f7fb87' -> (Import Result ID: '41abc10e7b0cfa514cb8b627542819ce') in 0.004 seconds [static and dynamic dependencies]. Details - ImportResultOutputID=7fcc40d9d430f721385634d4745280e4 DependenciesID=c351a76d49ddbe871eb42738713cbed6 StaticDependenciesID=49eee52c2bb69cfe8a1e82a82ad5adec 
Number of updated asset objects reloaded before import = 0
Number of asset objects unloaded after import = 1
========================================================================
Received Import Request.
  Time of request: 2026-09-10T11:09:00.9146036Z
  Time since last request: 0.0004432 seconds.
  importAddress: GUID: 7610600f5c83e01041a6fe849d39279f - Path: Packages/com.unity.modules.unitywebrequestassetbundle/package.ModuleCompilationTrigger - Importer: ScriptedImporter/UnityEditor.QuickSearchModule:UnityEditor.Search:ASIAI0B
Importing 'GUID: 7610600f5c83e01041a6fe849d39279f - Path: Packages/com.unity.modules.unitywebrequestassetbundle/package.ModuleCompilationTrigger - Importer: ScriptedImporter/UnityEditor.QuickSearchModule:UnityEditor.Search:ASIAI0B' with importer (ScriptedImporter : UnityEditor.QuickSearchModule:UnityEditor.Search:ASIAI0B)
Imported 'GUID: 7610600f5c83e01041a6fe849d39279f' -> (Import Result ID: 'dc470dbe4b6f3ce245890cd53d959daa') in 0.004 seconds [static and dynamic dependencies]. Details - ImportResultOutputID=bd2c341ae1492c756d38d735726adceb DependenciesID=124da89abd3f0a9d1f4b9ac4f3101c3f StaticDependenciesID=3345b05d890caf41865202e83269e73d 
Number of updated asset objects reloaded before import = 0
Number of asset objects unloaded after import = 1
========================================================================
Received Import Request.
  Time of request: 2026-09-10T11:09:00.9195614Z
  Time since last request: 0.0003126 seconds.
  importAddress: GUID: f0f13f2ab3d6d13cfc6e4656824bfca8 - Path: Packages/com.unity.modules.ai/package.json - Importer: ScriptedImporter/UnityEditor.QuickSearchModule:UnityEditor.Search:ASIAI0B
Importing 'GUID: f0f13f2ab3d6d13cfc6e4656824bfca8 - Path: Packages/com.unity.modules.ai/package.json - Importer: ScriptedImporter/UnityEditor.QuickSearchModule:UnityEditor.Search:ASIAI0B' with importer (ScriptedImporter : UnityEditor.QuickSearchModule:UnityEditor.Search:ASIAI0B)
Imported 'GUID: f0f13f2ab3d6d13cfc6e4656824bfca8' -> (Import Result ID: '81d96bbaaac530b80e392d5b2060b7e3') in 0.002 seconds [static and dynamic dependencies]. Details - ImportResultOutputID=7e59d7869ac1127ac7062755a54e3d10 DependenciesID=6a4b5d0a559efb3ae255f9a80c29e151 StaticDependenciesID=f6b83dc5f5cecde58a042133fa8241d0 
Number of updated asset objects reloaded before import = 0
Number of asset objects unloaded after import = 1
========================================================================
Received Import Request.
  Time of request: 2026-09-10T11:09:00.9225616Z
  Time since last request: 0.0003352 seconds.
  importAddress: GUID: 99da7b3894f364efdb5fa1443952a55d - Path: Packages/com.unity.multiplayer.center/Editor/MultiplayerCenterWindow/UI/Icons/NGO.png - Importer: ScriptedImporter/UnityEditor.QuickSearchModule:UnityEditor.Search:ASIAI0B
Importing 'GUID: 99da7b3894f364efdb5fa1443952a55d - Path: Packages/com.unity.multiplayer.center/Editor/MultiplayerCenterWindow/UI/Icons/NGO.png - Importer: ScriptedImporter/UnityEditor.QuickSearchModule:UnityEditor.Search:ASIAI0B' with importer (ScriptedImporter : UnityEditor.QuickSearchModule:UnityEditor.Search:ASIAI0B)
Imported 'GUID: 99da7b3894f364efdb5fa1443952a55d' -> (Import Result ID: '3c5ec1c0cda002d609f611baac3695ed') in 0.005 seconds [static and dynamic dependencies]. Details - ImportResultOutputID=8a0a7e37e71285def3f1eb58f1f47665 DependenciesID=2948b9ed2b71ee554436b17762292f41 StaticDependenciesID=e17f262013fceaca9fa70690be290b70 
Number of updated asset objects reloaded before import = 0
Number of asset objects unloaded after import = 1
========================================================================
Received Import Request.
  Time of request: 2026-09-10T11:09:00.928426Z
  Time since last request: 0.0002816 seconds.
  importAddress: GUID: 281e16dfc02f4a86bf924188eb96b176 - Path: Packages/com.unity.multiplayer.center/Editor/MultiplayerCenterWindow/UI/RecommendationView/RecommendationItemView.cs - Importer: ScriptedImporter/UnityEditor.QuickSearchModule:UnityEditor.Search:ASIAI0B
Importing 'GUID: 281e16dfc02f4a86bf924188eb96b176 - Path: Packages/com.unity.multiplayer.center/Editor/MultiplayerCenterWindow/UI/RecommendationView/RecommendationItemView.cs - Importer: ScriptedImporter/UnityEditor.QuickSearchModule:UnityEditor.Search:ASIAI0B' with importer (ScriptedImporter : UnityEditor.QuickSearchModule:UnityEditor.Search:ASIAI0B)
Imported 'GUID: 281e16dfc02f4a86bf924188eb96b176' -> (Import Result ID: 'bed55c58901ae3659abfd3f3445f66bf') in 0.003 seconds [static and dynamic dependencies]. Details - ImportResultOutputID=1276bbc503ee8675904cd7a08b3695c2 DependenciesID=e33e0d81c6bdec3eb4939f76f7e782b2 StaticDependenciesID=e1653fd56957e70f763e2547e725bb71 
Number of updated asset objects reloaded before import = 0
Number of asset objects unloaded after import = 0
========================================================================
Received Import Request.
  Time of request: 2026-09-10T11:09:00.9317137Z
  Time since last request: 0.0002853 seconds.
  importAddress: GUID: b83f06ac0c0696e9563230865ca72b81 - Path: Packages/com.unity.modules.wind/package.json - Importer: ScriptedImporter/UnityEditor.QuickSearchModule:UnityEditor.Search:ASIAI0B
Importing 'GUID: b83f06ac0c0696e9563230865ca72b81 - Path: Packages/com.unity.modules.wind/package.json - Importer: ScriptedImporter/UnityEditor.QuickSearchModule:UnityEditor.Search:ASIAI0B' with importer (ScriptedImporter : UnityEditor.QuickSearchModule:UnityEditor.Search:ASIAI0B)
Imported 'GUID: b83f06ac0c0696e9563230865ca72b81' -> (Import Result ID: '67fec9179b5f5cf4f2bce8218987006e') in 0.003 seconds [static and dynamic dependencies]. Details - ImportResultOutputID=ef037532e7dcb2f6146f056f3ee3f73a DependenciesID=713e23b7998b60eb5844ebd440067582 StaticDependenciesID=bde6f6cda6f3a83dfed4758f57afa58b 
Number of updated asset objects reloaded before import = 0
Number of asset objects unloaded after import = 1
========================================================================
Received Import Request.
  Time of request: 2026-09-10T11:09:00.9353359Z
  Time since last request: 0.0003072 seconds.
  importAddress: GUID: 2cb589d4e01184d928bb698f06e77561 - Path: Packages/com.unity.multiplayer.center/Editor/MultiplayerCenterWindow/UI/Icons/N4E@2x.png - Importer: ScriptedImporter/UnityEditor.QuickSearchModule:UnityEditor.Search:ASIAI0B
Importing 'GUID: 2cb589d4e01184d928bb698f06e77561 - Path: Packages/com.unity.multiplayer.center/Editor/MultiplayerCenterWindow/UI/Icons/N4E@2x.png - Importer: ScriptedImporter/UnityEditor.QuickSearchModule:UnityEditor.Search:ASIAI0B' with importer (ScriptedImporter : UnityEditor.QuickSearchModule:UnityEditor.Search:ASIAI0B)
Imported 'GUID: 2cb589d4e01184d928bb698f06e77561' -> (Import Result ID: '72e397ab129d4315ebdab0b20ce908b8') in 0.006 seconds [static and dynamic dependencies]. Details - ImportResultOutputID=31bd4ee84a983db02038cb96171448f3 DependenciesID=583e6269e3448a62110cb4f707ad2684 StaticDependenciesID=d4608a7afce781ec9721b2915d4bfd1a 
Number of updated asset objects reloaded before import = 0
Number of asset objects unloaded after import = 1
========================================================================
Received Import Request.
  Time of request: 2026-09-10T11:09:00.9422118Z
  Time since last request: 0.0004598 seconds.
  importAddress: GUID: 9d9689eab72c8480c90679f4dcf18820 - Path: Packages/com.unity.multiplayer.center/Editor/MultiplayerCenterWindow/UI/Icons/Package.png - Importer: ScriptedImporter/UnityEditor.QuickSearchModule:UnityEditor.Search:ASIAI0B
Importing 'GUID: 9d9689eab72c8480c90679f4dcf18820 - Path: Packages/com.unity.multiplayer.center/Editor/MultiplayerCenterWindow/UI/Icons/Package.png - Importer: ScriptedImporter/UnityEditor.QuickSearchModule:UnityEditor.Search:ASIAI0B' with importer (ScriptedImporter : UnityEditor.QuickSearchModule:UnityEditor.Search:ASIAI0B)
Imported 'GUID: 9d9689eab72c8480c90679f4dcf18820' -> (Import Result ID: '734741f3b84a9ea3cd24003ea8b64861') in 0.005 seconds [static and dynamic dependencies]. Details - ImportResultOutputID=cc767979fd960ef335f410d498fee734 DependenciesID=8003ec32bedd4247aea85e8315b2636b StaticDependenciesID=8d063dfa8600ca19c23582a8f7bd474b 
Number of updated asset objects reloaded before import = 0
Number of asset objects unloaded after import = 1
========================================================================
Received Import Request.
  Time of request: 2026-09-10T11:09:00.9480318Z
  Time since last request: 0.0002536 seconds.
  importAddress: GUID: 30b312a167534621b316172253b08723 - Path: Packages/com.unity.modules.subsystems/package.json - Importer: ScriptedImporter/UnityEditor.QuickSearchModule:UnityEditor.Search:ASIAI0B
Importing 'GUID: 30b312a167534621b316172253b08723 - Path: Packages/com.unity.modules.subsystems/package.json - Importer: ScriptedImporter/UnityEditor.QuickSearchModule:UnityEditor.Search:ASIAI0B' with importer (ScriptedImporter : UnityEditor.QuickSearchModule:UnityEditor.Search:ASIAI0B)
Imported 'GUID: 30b312a167534621b316172253b08723' -> (Import Result ID: 'ada4129021f9e268b27a6ad0bc5836f3') in 0.004 seconds [static and dynamic dependencies]. Details - ImportResultOutputID=a019dcc169a66b282e4316cbae2c07e8 DependenciesID=aee9c0e52faf20fdbac5d784e1bfc082 StaticDependenciesID=f9137328d0f2ed9702b41a6c384b8e89 
Number of updated asset objects reloaded before import = 0
Number of asset objects unloaded after import = 1
========================================================================
Received Import Request.
  Time of request: 2026-09-10T11:09:00.9522222Z
  Time since last request: 0.0004302 seconds.
  importAddress: GUID: 63314900d81e4a15814496af1889cb51 - Path: Packages/com.unity.multiplayer.center/Editor/MultiplayerCenterWindow/UI/RecommendationView/SectionHeader.cs - Importer: ScriptedImporter/UnityEditor.QuickSearchModule:UnityEditor.Search:ASIAI0B
Importing 'GUID: 63314900d81e4a15814496af1889cb51 - Path: Packages/com.unity.multiplayer.center/Editor/MultiplayerCenterWindow/UI/RecommendationView/SectionHeader.cs - Importer: ScriptedImporter/UnityEditor.QuickSearchModule:UnityEditor.Search:ASIAI0B' with importer (ScriptedImporter : UnityEditor.QuickSearchModule:UnityEditor.Search:ASIAI0B)
Imported 'GUID: 63314900d81e4a15814496af1889cb51' -> (Import Result ID: 'ce8160ff399f24f38b57a78982667e5b') in 0.003 seconds [static and dynamic dependencies]. Details - ImportResultOutputID=c90bf503465a7f34b6b6b4004471aa7f DependenciesID=aa663f8f747895da78c29862e9fe283a StaticDependenciesID=f47ff65f885c345c3aaeaac4fe8cf8b9 
Number of updated asset objects reloaded before import = 0
Number of asset objects unloaded after import = 0
========================================================================
Received Import Request.
  Time of request: 2026-09-10T11:09:00.9557427Z
  Time since last request: 0.0004061 seconds.
  importAddress: GUID: 9431e8221045c4af189b2fa7174b9e9f - Path: Packages/com.unity.multiplayer.center/Editor/MultiplayerCenterWindow/UI/Icons/PackageManager@2x.png - Importer: ScriptedImporter/UnityEditor.QuickSearchModule:UnityEditor.Search:ASIAI0B
Importing 'GUID: 9431e8221045c4af189b2fa7174b9e9f - Path: Packages/com.unity.multiplayer.center/Editor/MultiplayerCenterWindow/UI/Icons/PackageManager@2x.png - Importer: ScriptedImporter/UnityEditor.QuickSearchModule:UnityEditor.Search:ASIAI0B' with importer (ScriptedImporter : UnityEditor.QuickSearchModule:UnityEditor.Search:ASIAI0B)
Imported 'GUID: 9431e8221045c4af189b2fa7174b9e9f' -> (Import Result ID: 'ef345a4972ada5e803b7eee2f39c49ca') in 0.007 seconds [static and dynamic dependencies]. Details - ImportResultOutputID=dbd8d856dbca2b4232c20e9aeecbcc85 DependenciesID=bf1020a9cbdf815931fe515a85dd82ce StaticDependenciesID=018a8aa4bf3148d4668c61b16611e9f3 
Number of updated asset objects reloaded before import = 0
Number of asset objects unloaded after import = 1
========================================================================
Received Import Request.
  Time of request: 2026-09-10T11:09:00.9660431Z
  Time since last request: 0.0030079 seconds.
  importAddress: GUID: 3cc1ebf2abb7fef6871ad48f499b6e21 - Path: Packages/com.unity.modules.vectorgraphics/package.ModuleCompilationTrigger - Importer: ScriptedImporter/UnityEditor.QuickSearchModule:UnityEditor.Search:ASIAI0B
Importing 'GUID: 3cc1ebf2abb7fef6871ad48f499b6e21 - Path: Packages/com.unity.modules.vectorgraphics/package.ModuleCompilationTrigger - Importer: ScriptedImporter/UnityEditor.QuickSearchModule:UnityEditor.Search:ASIAI0B' with importer (ScriptedImporter : UnityEditor.QuickSearchModule:UnityEditor.Search:ASIAI0B)
Imported 'GUID: 3cc1ebf2abb7fef6871ad48f499b6e21' -> (Import Result ID: '36bc3f49d6bb141441ee3a924e5d91db') in 0.004 seconds [static and dynamic dependencies]. Details - ImportResultOutputID=976e892de73b7518b1ea7c3b812e7261 DependenciesID=33e23ec09f2157c8c888ad8c41e80232 StaticDependenciesID=91f16ef788375314def576571cc72f35 
Number of updated asset objects reloaded before import = 0
Number of asset objects unloaded after import = 1
========================================================================
Received Import Request.
  Time of request: 2026-09-10T11:09:00.9702396Z
  Time since last request: 0.0003246 seconds.
  importAddress: GUID: d2ec2d1228c8e67cdd913cb5609176a2 - Path: Packages/com.unity.modules.unitywebrequest/package.ModuleCompilationTrigger - Importer: ScriptedImporter/UnityEditor.QuickSearchModule:UnityEditor.Search:ASIAI0B
Importing 'GUID: d2ec2d1228c8e67cdd913cb5609176a2 - Path: Packages/com.unity.modules.unitywebrequest/package.ModuleCompilationTrigger - Importer: ScriptedImporter/UnityEditor.QuickSearchModule:UnityEditor.Search:ASIAI0B' with importer (ScriptedImporter : UnityEditor.QuickSearchModule:UnityEditor.Search:ASIAI0B)
Imported 'GUID: d2ec2d1228c8e67cdd913cb5609176a2' -> (Import Result ID: '4f1e77a35fea8f5430a38f8a3a40fa24') in 0.004 seconds [static and dynamic dependencies]. Details - ImportResultOutputID=5afdb9a0a17487de440db23ecd271728 DependenciesID=ea8b9c66115e0fd8868c523510e36281 StaticDependenciesID=8a91491cbf389786d09c45543a1b2682 
Number of updated asset objects reloaded before import = 0
Number of asset objects unloaded after import = 1
========================================================================
Received Import Request.
  Time of request: 2026-09-10T11:09:00.9744882Z
  Time since last request: 0.0002907 seconds.
  importAddress: GUID: 3fdd83b151eb8d25c5e2f82fc39dcb04 - Path: Packages/com.unity.modules.unitywebrequest/package.json - Importer: ScriptedImporter/UnityEditor.QuickSearchModule:UnityEditor.Search:ASIAI0B
Importing 'GUID: 3fdd83b151eb8d25c5e2f82fc39dcb04 - Path: Packages/com.unity.modules.unitywebrequest/package.json - Importer: ScriptedImporter/UnityEditor.QuickSearchModule:UnityEditor.Search:ASIAI0B' with importer (ScriptedImporter : UnityEditor.QuickSearchModule:UnityEditor.Search:ASIAI0B)
Imported 'GUID: 3fdd83b151eb8d25c5e2f82fc39dcb04' -> (Import Result ID: 'f4d7b4b795ee32a99d44d6bfc1af6531') in 0.003 seconds [static and dynamic dependencies]. Details - ImportResultOutputID=836a5fd9865e2b53c8f71f1c6e99af02 DependenciesID=d4cc75172f3da45ca2d46b3898cd25b6 StaticDependenciesID=e8143ef487ce67fb30c5f06e4094016f 
Number of updated asset objects reloaded before import = 0
Number of asset objects unloaded after import = 1
========================================================================
Received Import Request.
  Time of request: 2026-09-10T11:09:00.9783517Z
  Time since last request: 0.0002757 seconds.
  importAddress: GUID: 78e5667e52329c3ceef41288763404ae - Path: Packages/com.unity.modules.vectorgraphics/package.json - Importer: ScriptedImporter/UnityEditor.QuickSearchModule:UnityEditor.Search:ASIAI0B
Importing 'GUID: 78e5667e52329c3ceef41288763404ae - Path: Packages/com.unity.modules.vectorgraphics/package.json - Importer: ScriptedImporter/UnityEditor.QuickSearchModule:UnityEditor.Search:ASIAI0B' with importer (ScriptedImporter : UnityEditor.QuickSearchModule:UnityEditor.Search:ASIAI0B)
Imported 'GUID: 78e5667e52329c3ceef41288763404ae' -> (Import Result ID: '0628c598218726340560b9809f7b749a') in 0.002 seconds [static and dynamic dependencies]. Details - ImportResultOutputID=1e360e5d6fdc0417d44e85ad7c414ff6 DependenciesID=9db875a715c52929207f4a71a7f376cc StaticDependenciesID=b19b19cd96f149bac66b30ab810de0ba 
Number of updated asset objects reloaded before import = 0
Number of asset objects unloaded after import = 1
Editor requested this worker to shutdown with reason: Scaling down because of idle timeout
AcceleratorClientConnectionCallback - disconnected - :0
AssetImportWorker is now disconnected from the server
Process exiting
Exiting without the bug reporter. Application will terminate with return code 0